,WAP006,WAP015,WAP016,WAP059,WAP077,WAP078,WAP082,WAP083,WAP084,WAP085,WAP088,WAP089,WAP102,WAP107,WAP108,WAP109,WAP110,WAP111,WAP112,WAP113,WAP114,WAP115,WAP116,WAP148,WAP149,WAP164,WAP165,WAP174,WAP175,WAP176,WAP177,WAP178,WAP179,WAP180,WAP181,WAP186,WAP187,WAP188,WAP189,WAP248,WAP255,WAP256,WAP257,WAP258,WAP259,WAP260,WAP261,WAP262,WAP263,WAP274,WAP278,WAP282,WAP284,WAP286,WAP288,WAP295,WAP310,WAP311,WAP312,WAP313,WAP314,WAP315,WAP316,WAP317,WAP318,WAP329,WAP334,WAP338,WAP340,WAP342,WAP344,WAP351,WAP366,WAP367,WAP368,WAP369,WAP370,WAP371,WAP372,WAP374,WAP375,WAP386,WAP390,WAP394,WAP396,WAP398,WAP400,WAP405,WAP478,WAP503,LATITUDE,LONGITUDE,FLOOR,LOC,USERID,TIMESTAMP
41,0,0,0,0,0,0,0,0,0,0,0,0,0,18,0,17,17,0,0,0,23,27,27,0,0,0,0,24,24,10,0,0,0,15,0,11,9,16,22,0,18,0,0,0,0,0,0,21,0,16,0,0,20,0,21,0,15,0,0,0,0,0,0,20,10,19,0,0,23,0,19,0,16,0,0,0,0,0,0,20,0,11,22,0,0,0,20,0,0,0,4864853.930299997,-7457.242100000381,2,212,2,1371716120
45,0,15,14,0,0,0,0,0,0,0,14,0,0,16,0,0,0,0,0,18,0,20,21,0,0,0,12,18,18,0,0,16,13,9,12,11,0,15,17,11,14,0,0,0,0,0,0,23,0,0,0,0,0,0,19,20,0,0,0,0,17,0,0,24,13,0,0,0,0,0,20,0,0,0,8,0,0,0,0,21,0,10,0,0,0,0,16,21,0,0,4864852.0842999965,-7458.26419999823,2,210,2,1371716152
48,0,13,14,0,0,0,0,0,0,0,14,0,0,8,0,0,0,11,10,0,0,16,16,0,0,0,14,22,22,0,0,16,16,0,0,0,0,14,14,0,0,0,0,0,0,0,0,0,0,0,18,0,9,0,22,13,13,0,0,0,0,0,0,0,0,8,19,0,0,0,21,16,0,0,0,0,16,0,0,15,0,0,19,0,11,0,23,0,0,0,4864852.0464766035,-7461.524049259721,2,204,2,1371716209
157,0,12,14,0,0,0,0,0,0,0,0,0,0,16,0,17,17,0,0,0,23,21,24,0,0,0,0,24,24,10,0,0,18,0,0,11,9,18,17,0,17,0,0,0,0,0,0,21,0,0,23,0,0,0,22,0,15,0,0,0,13,0,0,21,13,0,0,0,0,0,22,0,16,0,0,0,0,0,0,22,0,11,19,0,0,0,26,24,0,0,4864852.0842999965,-7458.26419999823,2,210,2,1371716135
158,11,0,0,0,0,0,0,0,0,0,0,0,0,16,15,17,15,0,0,16,19,22,22,0,0,0,0,19,18,0,0,0,0,0,0,11,10,22,16,0,14,0,0,0,0,0,13,18,0,0,16,0,14,0,0,14,17,0,0,0,11,12,12,18,0,12,0,0,22,0,0,21,18,0,0,0,0,13,13,18,0,9,0,0,21,0,0,0,0,0,4864853.930299997,-7457.242100000381,2,212,2,1371716113
261,11,0,0,0,0,0,0,0,0,0,0,0,0,17,15,17,15,0,0,0,0,23,21,0,0,0,7,21,18,0,0,0,13,0,18,0,0,21,19,0,9,0,0,0,0,0,10,18,0,12,18,0,14,0,0,13,0,0,0,0,11,0,0,15,0,0,16,0,22,0,10,21,0,0,0,0,0,0,0,15,0,12,18,0,16,0,16,0,0,0,4864853.930299997,-7457.242100000381,2,212,2,1371716100
264,0,12,13,0,0,0,0,0,0,0,14,0,0,15,0,0,0,0,0,0,0,16,20,0,0,0,0,0,16,0,0,0,18,6,0,0,0,20,17,0,14,0,0,0,17,0,0,25,14,0,23,0,0,0,22,23,16,0,0,0,16,0,0,22,13,0,0,0,0,0,19,23,15,0,0,0,0,0,0,19,17,0,16,0,0,0,20,24,0,0,4864852.0842999965,-7458.26419999823,2,210,2,1371716135
374,0,15,16,0,0,0,0,0,0,0,0,0,0,0,0,0,0,0,11,0,0,15,18,10,0,0,0,24,23,0,8,0,18,0,0,0,0,16,16,0,21,0,0,0,18,0,0,15,0,0,20,0,0,0,25,0,22,0,0,0,14,0,0,0,0,0,15,0,10,0,25,0,17,0,0,0,13,0,0,16,0,10,15,0,0,0,24,0,0,0,4864852.0464766035,-7461.524049259721,2,204,2,1371716186
482,0,12,12,0,0,0,0,0,0,0,0,10,0,0,0,8,0,0,0,16,16,13,24,0,0,0,0,15,15,0,0,0,16,8,0,0,0,16,18,0,17,0,0,0,0,0,0,24,0,10,19,0,0,0,21,22,0,0,0,0,19,0,0,20,11,0,0,0,12,0,21,20,0,0,10,0,0,0,0,23,0,0,20,0,15,0,20,22,0,0,4864852.0842999965,-7458.26419999823,2,210,2,1371716151
590,0,0,0,0,0,0,0,0,0,0,0,0,0,17,17,17,15,0,0,14,13,22,19,0,0,12,12,22,24,0,9,0,0,0,17,0,8,22,16,0,12,0,0,0,12,0,0,15,0,10,17,0,19,0,11,16,0,0,0,0,10,0,0,18,0,13,0,0,15,0,17,0,0,0,0,0,0,16,11,17,0,13,13,0,15,0,11,0,0,0,4864853.930299997,-7457.242100000381,2,212,2,1371716117
591,0,12,11,0,0,0,0,0,0,0,0,0,0,0,0,0,0,0,0,16,16,25,17,0,0,0,0,16,15,0,0,0,16,0,17,0,11,15,17,0,17,0,0,0,16,0,0,20,15,0,0,0,17,0,20,22,15,0,0,0,19,0,0,20,0,0,0,0,12,0,20,20,16,0,0,0,0,0,0,22,0,12,17,0,0,0,20,22,0,0,4864852.0842999965,-7458.26419999823,2,210,2,1371716146
593,0,15,15,0,0,0,0,0,0,0,13,14,0,7,0,0,9,0,0,15,0,16,18,0,0,0,0,21,21,0,7,15,15,0,0,0,0,15,13,0,20,0,0,0,10,0,0,16,8,0,22,0,0,0,20,0,20,0,0,0,0,0,0,17,0,0,21,0,11,0,22,17,20,13,0,0,14,0,0,0,0,0,16,0,9,0,22,0,0,0,4864852.0464766035,-7461.524049259721,2,204,2,1371716202
700,0,12,10,0,0,0,0,0,0,0,0,0,0,0,0,0,0,0,0,16,0,20,26,0,0,0,0,16,17,0,0,0,0,0,17,0,10,17,17,0,14,0,0,0,16,0,0,23,15,0,0,0,15,0,22,23,16,0,0,0,17,0,0,23,0,0,0,0,19,0,20,0,10,0,0,0,10,0,0,19,13,12,20,0,0,0,21,0,0,0,4864852.0842999965,-7458.26419999823,2,210,2,1371716145
701,0,15,13,0,0,0,0,0,0,0,0,16,0,7,0,0,0,0,0,0,0,16,17,0,0,0,0,23,24,0,0,15,17,0,0,0,0,16,13,0,15,0,0,0,0,0,0,16,8,0,22,0,0,0,23,0,20,0,0,0,0,0,0,17,0,0,18,0,11,0,22,17,20,0,0,0,11,0,0,0,0,0,16,0,9,0,23,0,0,0,4864852.0464766035,-7461.524049259721,2,204,2,1371716203
702,0,0,0,0,0,0,0,0,0,0,0,0,0,17,17,17,19,13,0,14,13,25,25,0,0,12,12,23,24,10,0,0,0,0,16,0,15,17,17,0,19,0,0,0,0,0,0,20,10,16,23,0,0,0,20,16,16,0,0,0,10,0,0,19,0,0,21,0,17,0,20,0,16,0,0,0,0,0,11,19,9,0,13,0,22,0,0,0,0,0,4864853.930299997,-7457.242100000381,2,212,2,1371716116
811,0,15,13,0,0,0,0,0,0,0,0,0,0,13,0,9,0,0,0,13,15,28,26,0,0,0,0,19,19,0,8,0,0,8,0,16,13,17,18,0,14,0,0,0,0,0,0,23,0,0,0,0,15,0,20,23,10,0,0,0,11,0,0,23,0,13,0,0,19,0,19,23,10,0,0,0,15,0,0,21,12,0,20,0,0,0,21,0,0,0,4864852.0842999965,-7458.26419999823,2,210,2,1371716149
812,0,0,0,0,0,0,0,0,0,0,0,0,13,16,17,13,17,13,0,18,20,18,19,0,0,17,18,24,25,10,0,0,0,0,16,0,15,17,15,0,18,0,0,0,0,0,0,23,10,16,23,0,22,0,18,23,16,0,0,0,0,0,0,18,0,17,21,0,21,0,20,0,18,0,0,0,0,0,0,19,9,15,0,0,22,0,0,20,0,0,4864853.930299997,-7457.242100000381,2,212,2,1371716114
813,0,16,17,0,0,0,0,0,0,0,15,16,0,0,0,0,0,0,10,0,0,17,18,0,0,0,0,23,24,0,0,0,17,0,0,0,0,16,14,0,15,0,0,0,13,0,0,16,8,0,21,0,10,0,24,0,18,0,0,0,0,0,0,0,0,0,19,0,11,0,24,17,0,0,0,0,13,0,0,14,0,0,20,0,0,0,24,0,0,0,4864852.0464766035,-7461.524049259721,2,204,2,1371716204
917,0,16,12,0,0,0,0,0,0,0,15,0,0,0,0,0,0,0,11,0,0,17,16,0,0,0,0,26,22,0,0,17,0,0,0,0,0,13,14,0,0,0,0,0,13,0,0,0,0,8,19,0,10,0,24,0,18,0,0,0,10,0,0,13,0,0,17,0,0,0,24,0,0,0,0,0,12,0,0,14,0,0,20,0,9,0,24,0,0,0,4864852.0464766035,-7461.524049259721,2,204,2,1371716204
919,0,13,10,0,0,0,0,0,0,0,13,0,0,13,16,9,0,0,0,13,15,21,22,0,0,0,0,19,16,0,8,0,0,8,17,16,10,16,16,0,0,0,0,0,16,0,0,21,0,0,0,0,17,0,20,0,10,0,0,0,11,0,0,20,0,13,22,0,20,0,22,22,0,0,0,0,17,0,0,18,9,0,0,0,22,0,22,24,0,0,4864852.0842999965,-7458.26419999823,2,210,2,1371716149
920,0,0,0,0,0,0,0,0,0,0,0,0,13,16,12,13,17,0,0,18,20,18,23,0,0,17,18,27,25,0,0,0,14,0,0,0,0,17,17,0,13,0,0,0,0,0,15,18,0,19,0,0,13,0,13,23,16,0,0,0,12,0,0,16,9,16,0,0,21,0,0,23,13,0,0,0,0,0,0,19,0,15,0,0,0,0,0,25,0,0,4864853.930299997,-7457.242100000381,2,212,2,1371716114
1028,0,0,0,0,0,0,0,0,0,0,0,0,0,18,12,0,0,0,0,0,20,22,24,0,0,0,0,24,24,0,0,0,14,15,0,0,15,22,22,0,13,0,0,0,0,0,15,14,0,16,0,0,20,0,15,0,18,0,0,0,12,0,0,16,9,19,0,0,23,0,13,23,13,0,0,0,0,0,0,14,0,13,0,0,0,0,0,25,0,0,4864853.930299997,-7457.242100000381,2,212,2,1371716117
1030,0,13,12,0,0,0,0,0,0,0,14,0,0,0,0,0,0,0,11,0,0,16,17,0,0,0,14,21,24,0,0,16,0,0,0,0,0,14,14,0,0,0,0,0,0,0,0,0,0,8,19,0,10,0,22,0,11,0,0,0,10,0,0,13,0,0,19,0,0,0,23,16,0,0,0,0,17,0,0,15,0,0,18,0,11,0,23,0,0,0,4864852.0464766035,-7461.524049259721,2,204,2,1371716208
1033,0,15,14,0,0,0,0,0,0,0,14,0,0,0,16,0,0,0,0,0,15,21,22,0,0,0,12,16,16,0,0,18,13,0,17,11,10,15,15,0,0,0,0,0,16,0,0,22,0,0,0,0,17,0,17,0,0,0,0,0,16,0,0,22,13,0,22,0,20,0,20,22,0,0,0,0,17,0,0,24,9,9,0,0,22,0,16,21,0,0,4864852.0842999965,-7458.26419999823,2,210,2,1371716149
5136,0,16,0,0,19,19,0,24,34,34,0,0,0,0,0,28,28,41,41,0,0,0,0,32,22,23,26,40,40,0,0,0,0,0,0,41,41,53,53,0,0,0,24,24,0,25,0,0,0,23,0,0,0,17,0,0,0,0,24,0,0,24,0,0,0,22,0,20,0,17,0,0,0,20,23,29,0,24,21,0,0,22,0,0,0,19,17,0,0,0,4864810.030100003,-7460.767900001259,2,205,9,1371713755
5140,0,22,25,0,0,0,30,29,0,0,23,16,0,0,0,23,25,37,36,0,0,0,0,25,0,25,25,43,43,0,0,0,19,0,0,37,35,63,63,0,27,0,30,0,26,0,15,29,34,0,23,0,0,0,19,0,23,0,34,0,26,0,19,27,28,0,23,0,0,18,0,0,0,0,30,23,33,0,0,29,31,0,32,0,0,0,0,0,0,0,4864815.057400003,-7469.88919999823,2,196,9,1371713822
5141,0,0,0,15,16,0,26,26,29,30,0,0,0,0,0,22,26,33,33,0,0,0,0,0,0,27,35,40,39,0,0,0,14,0,0,36,35,49,49,0,0,0,20,31,0,23,26,0,0,0,0,23,0,37,0,0,0,0,20,34,0,0,24,0,0,22,0,26,0,24,0,0,0,0,21,34,16,0,0,30,23,0,0,22,0,39,17,0,0,0,4864815.285700001,-7457.755499999971,2,207,9,1371713783
5142,0,24,23,0,16,0,27,27,0,30,0,0,0,0,0,27,24,41,41,0,0,0,0,0,0,26,26,39,39,0,0,0,14,0,0,40,41,55,56,0,0,21,36,0,0,0,0,28,24,0,0,0,0,24,19,17,0,0,27,21,0,0,16,29,23,0,20,0,0,25,0,0,0,0,31,0,0,0,0,44,26,0,0,0,0,25,0,0,0,0,4864820.413199998,-7466.963700000197,2,200,9,1371713850
5143,0,0,0,0,0,0,0,0,15,0,0,0,0,0,16,45,45,25,24,0,0,35,24,0,0,40,36,59,59,0,0,0,15,0,0,25,26,48,48,0,0,0,0,0,0,0,0,0,0,23,0,0,19,0,18,19,0,0,0,0,0,0,15,0,0,21,23,0,20,0,18,0,15,0,0,0,19,0,17,0,0,21,0,0,23,0,18,0,0,0,4864831.2908999985,-7457.927200000732,2,209,9,1371713896
5144,0,0,0,0,0,0,0,0,0,0,0,0,0,28,28,19,19,0,0,24,27,32,32,0,0,18,18,25,25,18,21,0,23,25,25,16,18,21,21,0,15,0,0,17,16,0,17,0,0,22,0,0,23,0,16,26,18,0,0,0,23,0,0,20,0,22,0,29,29,0,22,25,15,0,0,0,0,0,21,20,0,0,0,0,29,0,0,26,22,0,4864853.930299997,-7457.242100000381,2,212,9,1371714059
5145,0,17,18,0,0,0,0,0,0,0,0,21,0,0,0,27,24,20,21,0,0,0,0,0,0,32,32,37,36,0,0,25,25,0,0,23,23,30,30,0,29,0,0,0,21,0,0,21,14,0,27,0,0,0,27,23,25,19,0,0,0,0,0,21,15,0,20,0,0,0,27,19,17,0,0,0,21,0,0,26,16,0,28,0,0,0,27,0,0,0,4864834.110160768,-7469.328741654754,2,199,9,1371713931
5146,0,0,0,0,0,0,15,0,0,0,0,0,14,18,18,20,0,0,0,22,23,30,30,0,0,28,22,32,32,19,19,17,19,20,20,15,15,29,29,19,17,0,0,13,20,0,16,19,0,16,24,0,26,0,21,25,20,0,0,0,17,0,0,21,0,0,21,0,26,0,21,23,19,0,0,0,0,15,20,0,0,0,20,0,25,0,23,23,0,0,4864852.0842999965,-7458.26419999823,2,210,9,1371714032
5148,0,15,15,0,0,0,0,0,0,14,0,0,0,0,0,43,44,31,30,0,0,0,0,0,0,40,40,64,64,0,0,0,0,16,0,29,27,45,45,0,0,0,0,0,17,0,20,0,0,0,0,0,16,0,18,0,0,0,0,0,13,0,20,16,13,0,0,0,17,0,16,0,0,0,0,0,0,0,20,0,0,19,0,0,16,0,0,0,0,0,4864828.6049000025,-7453.059500001371,2,214,9,1371713991
5152,0,0,0,0,0,0,0,0,0,0,0,0,0,26,24,16,0,0,0,22,22,29,29,0,0,21,21,35,35,17,18,0,0,18,19,19,19,28,27,0,0,0,0,0,22,15,21,0,0,20,0,0,24,0,23,30,0,0,0,0,21,17,23,17,0,19,0,0,28,0,22,27,0,0,0,15,22,15,0,18,0,24,22,0,26,0,23,26,20,16,4864853.930299997,-7457.242100000381,2,212,9,1371714709
5247,0,0,0,0,0,0,0,29,29,30,0,0,0,0,0,0,19,40,34,0,0,0,0,0,0,34,38,38,39,0,0,0,0,0,0,38,38,48,47,0,0,0,0,29,0,0,0,0,0,0,0,30,0,18,0,0,0,0,0,36,0,0,27,0,0,0,0,24,0,19,0,0,0,0,0,0,0,0,0,0,0,0,0,0,0,0,0,0,0,0,4864815.285700001,-7457.755499999971,2,207,9,1371713780
5249,0,24,24,0,0,0,27,27,0,0,20,0,0,0,0,25,25,37,37,0,0,0,0,0,0,35,0,45,45,0,0,0,20,0,0,36,36,61,61,0,0,0,34,0,0,0,15,28,36,0,0,0,0,0,19,0,0,0,29,0,26,0,0,0,29,0,0,0,0,0,0,0,0,0,34,0,0,0,0,0,0,0,0,0,0,0,0,0,0,0,4864815.057400003,-7469.88919999823,2,196,9,1371713820
5250,0,0,0,0,0,18,0,0,0,0,0,0,0,0,0,28,28,42,42,0,0,0,0,0,0,27,27,42,42,0,0,0,0,0,0,45,45,57,57,0,0,0,0,0,0,0,0,0,0,23,0,0,0,0,0,0,0,0,0,0,0,0,0,0,0,22,0,20,0,0,0,0,0,0,0,29,0,0,0,0,0,0,0,0,0,19,17,0,0,0,4864810.030100003,-7460.767900001259,2,205,9,1371713753
5252,0,0,21,0,0,0,0,30,0,0,0,0,0,0,0,20,20,39,40,0,0,0,0,0,0,28,30,40,41,0,0,0,0,0,0,36,39,59,59,0,0,0,0,0,0,0,0,0,35,0,0,0,0,29,0,0,0,0,0,0,0,0,0,29,0,0,19,0,0,23,0,0,0,0,0,0,0,0,0,0,0,0,0,0,0,24,0,0,0,0,4864820.413199998,-7466.963700000197,2,200,9,1371713847
5253,0,0,0,0,0,0,0,0,0,0,0,0,0,0,0,45,45,0,45,0,0,0,24,0,0,31,30,58,58,0,0,0,15,0,0,24,27,45,45,0,0,0,0,0,0,0,0,0,0,0,0,0,33,0,0,0,0,0,0,0,0,0,0,0,0,21,0,0,23,0,0,0,0,0,0,0,0,0,18,0,0,0,0,0,23,0,17,0,0,0,4864831.2908999985,-7457.927200000732,2,209,9,1371713894
5254,0,0,0,0,0,0,0,0,0,0,0,0,0,0,0,22,22,20,0,0,0,0,0,0,0,30,30,39,38,0,0,30,28,0,0,26,25,31,31,0,25,0,0,0,0,0,0,21,0,0,29,0,0,0,28,0,0,0,0,0,0,0,0,24,15,0,21,0,0,0,30,0,0,0,0,0,0,0,0,24,0,0,26,0,0,0,29,0,0,0,4864834.110160768,-7469.328741654754,2,199,9,1371713929
5255,0,17,17,0,0,0,0,0,0,0,0,0,0,0,0,45,45,30,30,0,0,0,0,0,0,47,47,64,64,0,0,0,0,0,0,26,28,48,48,0,0,0,0,0,17,0,22,0,0,0,0,0,0,0,16,0,0,0,0,0,0,0,20,0,0,0,0,0,0,0,0,0,0,0,0,0,0,0,20,0,0,20,0,0,0,0,0,0,0,0,4864828.6049000025,-7453.059500001371,2,214,9,1371713988
5256,0,0,0,0,0,0,0,0,0,0,0,0,0,0,24,19,0,0,0,0,0,27,26,0,0,24,24,28,28,0,0,0,0,0,32,17,16,20,20,0,0,0,0,0,0,15,0,0,0,0,0,0,24,0,0,0,0,0,0,0,0,0,23,0,0,23,0,0,25,0,18,0,0,0,0,0,21,0,0,0,0,0,0,0,27,0,22,26,0,19,4864853.930299997,-7457.242100000381,2,212,9,1371714706
5259,0,0,0,0,0,0,0,0,0,0,0,0,0,0,22,0,0,0,0,0,23,0,0,0,0,0,19,24,25,0,0,21,24,0,20,0,0,26,26,0,0,0,0,0,18,0,0,0,0,0,26,0,26,0,18,0,0,0,0,0,21,0,0,21,0,0,0,0,24,0,0,24,0,0,0,0,0,14,0,0,0,0,0,0,26,0,0,0,0,0,4864852.0842999965,-7458.26419999823,2,210,9,1371714030
5260,0,0,0,0,0,0,0,0,0,0,0,0,0,26,21,20,21,0,0,0,24,36,30,0,0,26,25,25,25,0,0,0,21,23,23,20,20,0,22,0,0,0,0,17,0,0,0,0,0,22,0,0,0,0,0,25,18,0,0,0,0,0,0,0,0,0,0,0,23,0,0,25,15,0,0,0,0,0,21,0,0,0,0,0,0,0,0,0,0,0,4864853.930299997,-7457.242100000381,2,212,9,1371714057
5350,0,0,0,0,0,18,0,0,40,33,0,0,0,0,0,32,32,41,41,0,0,0,0,32,33,26,27,40,40,0,0,0,0,0,0,42,41,53,53,0,0,0,0,0,0,24,0,0,0,23,0,0,0,18,0,0,0,0,0,0,0,0,0,0,0,22,0,20,0,17,0,0,0,0,23,29,0,0,0,0,0,0,0,0,0,19,17,0,0,0,4864810.030100003,-7460.767900001259,2,205,9,1371713753
5351,0,0,0,0,0,0,0,0,0,0,0,0,0,0,0,43,44,0,45,0,0,0,24,0,0,38,38,58,58,0,0,0,15,0,0,32,28,46,46,0,0,0,0,0,0,0,0,0,0,0,0,0,21,0,0,0,0,0,0,0,0,0,0,0,0,21,0,0,21,0,0,0,0,0,0,0,0,0,18,0,0,21,0,0,23,0,17,0,0,0,4864831.2908999985,-7457.927200000732,2,209,9,1371713894
5352,0,0,0,15,0,0,0,28,29,30,0,0,0,0,0,0,19,39,33,0,0,0,0,0,0,34,35,37,37,0,0,0,14,0,0,41,41,45,45,0,0,0,0,34,0,0,0,0,0,0,0,30,0,25,0,0,0,0,0,33,0,0,27,0,0,21,0,24,0,25,0,0,0,0,0,30,0,0,0,30,0,0,0,0,0,20,17,0,0,0,4864815.285700001,-7457.755499999971,2,207,9,1371713781
5353,0,24,26,0,0,0,0,30,0,0,0,0,0,0,0,20,20,38,33,0,0,0,0,0,0,36,30,39,39,0,0,0,0,0,0,38,37,60,60,0,0,0,29,0,0,0,0,40,29,0,0,0,0,29,21,0,0,0,29,0,0,0,0,29,0,0,19,0,0,23,0,0,0,0,38,0,0,0,0,0,0,0,0,0,0,24,0,0,0,0,4864820.413199998,-7466.963700000197,2,200,9,1371713848
5354,0,24,24,0,0,0,27,27,0,0,20,0,0,0,0,25,25,35,35,0,0,0,0,25,0,35,0,40,40,0,0,0,20,0,0,39,39,61,61,0,0,0,30,0,0,0,15,41,28,0,0,0,0,0,19,0,0,0,30,0,26,0,0,28,32,0,0,0,0,0,0,0,0,0,35,0,0,0,0,30,30,0,0,0,0,0,0,0,0,0,4864815.057400003,-7469.88919999823,2,196,9,1371713820
5355,0,0,0,0,0,0,0,0,0,0,0,0,0,26,21,20,21,0,0,0,24,36,30,0,0,26,24,25,25,21,15,0,21,23,23,20,20,17,20,0,0,0,0,17,16,0,0,0,0,22,0,0,0,0,16,25,18,0,0,0,0,0,0,0,0,0,0,0,28,0,0,25,15,0,0,0,0,0,21,0,0,0,0,0,0,0,0,0,0,0,4864853.930299997,-7457.242100000381,2,212,9,1371714057
5356,0,17,17,0,0,0,0,0,0,0,0,0,0,0,0,45,45,43,29,0,0,0,0,0,0,47,47,64,64,0,0,0,0,0,0,25,27,47,46,0,0,0,0,0,17,0,22,0,0,0,0,0,0,0,16,0,0,0,0,0,0,0,20,0,0,0,0,0,0,0,0,0,0,0,0,0,0,0,20,0,0,20,0,0,0,0,0,0,0,0,4864828.6049000025,-7453.059500001371,2,214,9,1371713988
5357,0,0,0,0,0,0,0,0,0,0,0,0,0,27,22,0,0,0,0,0,23,27,27,0,0,0,19,24,26,0,0,18,18,0,22,0,0,26,26,20,0,0,0,13,18,0,0,0,0,0,25,0,26,0,18,24,20,0,0,0,21,0,0,21,0,0,0,0,24,0,0,26,0,0,0,0,0,14,21,0,0,0,22,0,26,0,0,0,0,0,4864852.0842999965,-7458.26419999823,2,210,9,1371714030
5358,0,19,19,0,0,0,0,0,0,0,0,0,0,0,0,22,22,20,0,0,0,0,0,0,0,32,32,38,38,0,0,24,28,0,0,24,24,31,31,0,19,0,0,0,22,0,0,21,0,0,20,0,0,0,28,0,0,0,0,0,0,0,0,24,15,0,21,0,0,0,30,0,0,0,0,0,0,0,0,26,0,0,26,0,0,0,27,0,0,0,4864834.110160768,-7469.328741654754,2,199,9,1371713929
5362,0,0,0,0,0,0,0,0,0,0,0,0,0,0,23,19,0,0,0,0,27,27,26,0,0,24,23,27,27,0,0,0,0,0,32,17,16,20,20,0,0,0,0,0,22,15,0,0,0,0,0,0,27,0,21,0,0,0,0,0,0,0,23,0,0,23,0,0,24,0,18,30,0,0,0,0,21,15,0,0,0,0,0,0,26,0,22,26,0,16,4864853.930299997,-7457.242100000381,2,212,9,1371714707
5449,0,0,0,0,19,19,0,0,39,33,0,0,0,0,0,31,31,41,41,0,0,0,0,32,33,26,27,41,41,0,0,0,0,0,0,41,45,53,53,0,0,0,23,0,0,24,0,0,0,23,0,0,0,18,0,0,0,0,23,0,0,0,0,0,0,22,0,20,0,17,0,0,0,0,23,29,0,0,0,0,0,0,0,0,0,19,17,0,0,0,4864810.030100003,-7460.767900001259,2,205,9,1371713753
5450,0,24,21,0,0,0,27,27,0,0,20,0,0,0,0,24,25,35,36,0,0,0,0,25,0,35,0,43,43,0,0,0,20,0,0,38,38,53,62,0,0,0,31,0,0,0,15,29,28,0,0,0,0,0,19,0,0,0,30,0,26,0,0,29,32,0,0,0,0,0,0,0,0,0,34,0,0,0,0,29,30,0,0,0,0,0,0,0,0,0,4864815.057400003,-7469.88919999823,2,196,9,1371713821
5451,0,0,0,0,0,0,0,0,0,0,0,0,0,0,0,35,35,0,45,0,0,0,24,0,0,37,37,58,58,0,0,0,15,0,0,28,28,48,48,0,0,0,0,0,0,0,0,0,0,0,0,0,21,0,0,0,0,0,0,0,0,0,0,0,0,21,0,0,21,0,0,0,0,0,0,0,0,0,18,0,0,21,0,0,23,0,17,0,0,0,4864831.2908999985,-7457.927200000732,2,209,9,1371713895
5452,0,0,0,15,0,0,0,28,29,30,0,0,0,0,0,0,19,41,32,0,0,0,0,0,0,34,34,38,37,0,0,0,14,0,0,41,40,44,44,0,0,0,20,34,0,0,0,0,0,0,0,30,0,33,0,0,0,0,20,33,0,0,28,0,0,21,0,24,0,21,0,0,0,0,21,30,0,0,0,30,0,0,0,0,0,21,17,0,0,0,4864815.285700001,-7457.755499999971,2,207,9,1371713782
5453,0,24,26,0,0,0,0,30,0,0,0,0,0,0,0,20,20,40,40,0,0,0,0,0,0,36,30,39,39,0,0,0,0,0,0,39,37,61,61,0,0,0,29,0,0,0,0,40,29,0,0,0,0,23,19,17,0,0,28,0,0,0,0,29,0,0,19,0,0,23,0,0,0,0,28,0,0,0,0,0,0,0,0,0,0,24,0,0,0,0,4864820.413199998,-7466.963700000197,2,200,9,1371713848
5454,0,17,17,0,0,0,0,0,0,0,0,0,0,0,0,46,46,30,29,0,0,0,0,0,0,42,42,64,64,0,0,0,0,0,0,27,27,46,46,0,0,0,0,0,17,0,22,0,0,0,0,0,0,0,18,0,0,0,0,0,0,0,20,16,0,0,0,0,0,0,0,0,0,0,0,0,0,0,20,0,0,20,0,0,0,0,0,0,0,0,4864828.6049000025,-7453.059500001371,2,214,9,1371713988
5455,0,0,0,0,0,0,0,0,0,0,0,0,0,27,22,0,0,0,0,22,22,27,27,0,0,0,19,24,26,0,0,18,18,0,22,0,0,27,27,19,0,0,0,13,18,0,0,19,0,0,25,0,27,0,19,26,20,0,0,0,21,0,0,21,0,0,0,0,27,0,0,26,0,0,0,0,0,14,20,0,0,0,21,0,25,0,0,0,0,0,4864852.0842999965,-7458.26419999823,2,210,9,1371714030
5456,0,0,0,0,0,0,0,0,0,0,0,0,0,26,21,20,21,0,0,0,24,36,30,0,0,23,24,25,22,21,15,0,21,23,23,20,20,21,20,0,0,0,0,17,16,0,0,0,0,21,0,0,29,0,16,25,18,0,0,0,0,0,0,0,0,0,0,29,23,0,0,25,15,0,0,0,0,0,21,0,0,0,0,0,23,0,0,0,24,0,4864853.930299997,-7457.242100000381,2,212,9,1371714058
5457,0,19,19,0,0,0,0,0,0,0,0,0,0,0,0,22,22,20,0,0,0,0,0,0,0,28,28,38,38,0,0,24,23,0,0,24,24,30,30,0,29,0,0,0,22,0,0,25,0,0,20,0,0,0,26,0,25,0,0,0,0,0,0,24,15,0,29,0,0,0,26,0,19,0,0,0,21,0,0,26,0,0,26,0,0,0,26,0,0,0,4864834.110160768,-7469.328741654754,2,199,9,1371713930
5460,0,0,0,0,0,0,0,0,0,0,0,0,0,0,23,19,0,0,0,0,27,31,30,0,0,24,23,29,28,0,0,0,0,0,32,17,17,20,20,0,0,0,0,0,25,15,0,0,0,0,0,0,27,0,21,30,0,0,0,0,0,0,23,0,0,23,0,0,28,0,18,30,0,0,0,0,21,15,0,0,0,0,0,0,26,0,22,26,0,16,4864853.930299997,-7457.242100000381,2,212,9,1371714707
5553,0,22,22,0,0,0,27,27,0,0,23,0,0,0,0,29,24,37,36,0,0,0,0,25,0,35,0,43,43,0,0,0,20,0,0,35,36,63,62,0,27,0,30,0,0,0,15,29,28,0,23,0,0,0,19,0,0,0,30,0,26,0,0,29,32,0,0,0,0,18,0,0,0,0,34,0,0,0,0,29,30,0,0,0,0,0,0,0,0,0,4864815.057400003,-7469.88919999823,2,196,9,1371713821
5554,0,0,0,0,19,19,0,0,39,33,0,0,0,0,0,32,32,35,40,0,0,0,0,32,33,26,27,40,40,0,0,0,0,0,0,47,46,54,54,0,0,0,23,0,0,24,0,0,0,23,0,0,0,18,0,0,0,0,23,0,0,0,0,0,0,22,0,20,0,17,0,0,0,20,23,29,0,0,0,0,0,21,0,0,0,19,17,0,0,0,4864810.030100003,-7460.767900001259,2,205,9,1371713753
5555,0,23,26,0,0,0,28,27,0,0,0,0,0,0,0,20,20,37,33,0,0,0,0,0,0,30,29,39,39,0,0,0,0,0,0,41,37,56,56,0,0,21,29,0,0,0,0,40,29,0,0,0,0,23,19,17,0,0,28,0,0,0,0,42,0,0,19,0,0,23,0,0,0,0,28,0,0,0,0,0,0,0,0,0,0,25,0,0,0,0,4864820.413199998,-7466.963700000197,2,200,9,1371713848
5556,0,0,0,15,0,0,26,28,29,30,0,0,0,0,0,19,19,35,32,0,0,0,0,0,0,40,34,41,41,0,0,0,14,0,0,39,37,45,46,0,0,0,20,34,0,0,0,0,0,0,0,30,0,27,0,0,0,0,20,33,0,0,28,0,0,21,0,25,0,22,0,0,0,0,21,30,0,0,0,30,0,0,0,0,0,23,17,0,0,0,4864815.285700001,-7457.755499999971,2,207,9,1371713782
5557,0,0,0,0,0,0,0,0,0,0,0,0,0,0,0,44,44,0,45,0,0,25,24,0,0,38,37,57,57,0,0,0,15,0,0,29,29,50,50,0,0,0,0,0,0,0,0,0,0,0,0,0,21,0,0,0,0,0,0,0,0,0,0,0,0,21,0,0,21,0,0,0,0,0,0,0,0,0,16,0,0,21,0,0,23,0,17,0,0,0,4864831.2908999985,-7457.927200000732,2,209,9,1371713895
5558,0,0,0,0,0,0,0,0,0,0,0,0,0,24,22,20,21,0,0,0,24,30,30,0,0,23,26,25,22,21,15,0,23,23,23,20,20,20,20,0,13,0,0,17,16,0,14,0,0,21,0,0,29,0,16,25,18,0,0,0,16,0,0,20,0,0,0,29,29,0,22,26,15,0,0,0,0,0,21,0,0,0,0,0,23,0,0,25,24,0,4864853.930299997,-7457.242100000381,2,212,9,1371714057
5559,0,20,19,0,0,0,0,0,0,0,0,0,0,0,0,22,22,20,0,0,0,0,0,0,0,33,33,39,39,0,0,24,23,0,0,28,22,29,29,0,26,0,0,0,22,0,0,25,0,0,20,0,0,0,26,0,19,19,0,0,0,0,0,24,15,0,29,0,0,0,26,0,19,0,0,0,21,0,0,26,0,0,26,0,0,0,26,0,0,0,4864834.110160768,-7469.328741654754,2,199,9,1371713930
5560,0,0,0,0,0,0,0,0,0,0,0,0,14,18,18,0,0,0,0,22,22,28,28,0,0,0,19,21,21,0,0,17,18,0,22,0,0,27,27,19,0,0,0,13,19,0,0,19,0,0,25,0,24,0,19,22,20,0,0,0,21,0,0,21,0,0,0,0,24,0,0,26,0,0,0,0,0,15,20,0,0,0,21,0,27,0,0,0,0,0,4864852.0842999965,-7458.26419999823,2,210,9,1371714030
5561,0,17,17,0,0,0,0,0,0,0,0,0,0,0,0,47,47,29,29,0,0,0,0,0,0,42,42,64,64,0,0,0,0,0,0,30,28,47,47,0,0,0,0,0,17,0,19,0,0,0,0,0,0,0,18,0,0,0,0,0,13,0,20,16,0,0,0,0,17,0,0,0,0,0,0,0,0,0,20,0,0,20,0,0,0,0,0,0,0,0,4864828.6049000025,-7453.059500001371,2,214,9,1371713989
5565,0,0,0,0,0,0,0,0,0,0,0,0,0,23,23,19,0,0,0,0,27,31,30,0,0,24,23,29,28,0,0,0,0,0,20,17,17,25,24,0,0,0,0,0,25,15,0,0,0,0,0,0,27,0,21,30,0,0,0,0,0,17,23,0,0,23,0,0,28,0,18,30,0,0,0,15,21,15,0,0,0,23,22,0,26,0,22,26,0,16,4864853.930299997,-7457.242100000381,2,212,9,1371714708
5658,0,0,0,0,19,19,0,24,45,39,0,0,0,0,0,28,28,41,41,0,0,0,0,32,22,24,23,41,41,0,0,0,0,0,0,43,41,54,54,0,0,0,23,0,0,24,0,0,0,23,0,0,0,18,0,0,0,0,23,0,0,0,0,0,0,22,0,20,0,17,0,0,0,20,23,29,0,27,0,0,0,21,0,0,0,19,17,0,0,0,4864810.030100003,-7460.767900001259,2,205,9,1371713754
5659,0,0,0,15,0,0,26,28,29,30,0,0,0,0,0,19,19,35,37,0,0,0,0,0,0,34,34,40,40,0,0,0,14,0,0,42,43,47,47,0,0,0,20,34,0,23,0,0,0,0,0,30,0,32,0,0,0,0,20,34,0,0,28,0,0,21,0,23,0,22,0,0,0,0,21,34,0,0,0,30,0,0,0,23,0,23,17,0,0,0,4864815.285700001,-7457.755499999971,2,207,9,1371713782
5661,0,17,15,0,0,0,0,0,0,0,0,0,0,0,0,46,46,30,29,0,0,0,0,0,0,47,47,55,55,0,0,0,0,0,0,28,28,48,47,0,0,0,0,0,17,0,20,0,0,0,0,0,0,0,18,0,0,0,0,0,13,0,20,16,0,0,0,0,17,0,0,0,0,0,0,0,0,0,20,0,0,20,0,0,16,0,0,0,0,0,4864828.6049000025,-7453.059500001371,2,214,9,1371713989
5662,0,22,22,0,0,0,27,27,0,0,23,21,0,0,0,29,24,36,38,0,0,0,0,25,0,35,0,43,43,0,0,0,20,0,0,36,36,56,56,0,27,0,30,0,0,0,15,28,28,0,23,0,0,0,19,0,0,0,30,0,26,0,0,29,32,0,0,0,0,18,0,0,0,0,37,0,33,0,0,29,31,0,0,0,0,0,0,0,0,0,4864815.057400003,-7469.88919999823,2,196,9,1371713820
5663,0,18,18,0,0,0,0,0,0,0,0,0,0,0,0,22,22,20,18,0,0,0,0,0,0,33,33,39,39,0,0,23,23,0,0,23,23,27,27,0,26,0,0,0,21,0,0,25,0,0,20,0,0,0,26,21,26,19,0,0,0,0,0,24,15,0,29,0,0,0,26,19,26,0,0,0,21,0,0,26,0,0,26,0,0,0,26,0,0,0,4864834.110160768,-7469.328741654754,2,199,9,1371713929
5664,0,23,26,0,0,0,28,27,0,33,0,0,0,0,0,27,20,42,35,0,0,0,0,0,0,30,32,40,39,0,0,0,0,0,0,38,38,56,56,0,0,21,28,0,0,0,0,25,29,0,0,0,0,23,19,17,0,0,27,0,0,0,0,29,0,0,19,0,0,26,0,0,0,0,28,0,0,0,0,0,0,0,0,0,0,25,0,0,0,0,4864820.413199998,-7466.963700000197,2,200,9,1371713849
5665,0,0,0,0,0,0,0,0,0,0,0,0,0,0,0,44,44,0,45,0,0,25,24,0,0,37,37,57,57,0,0,0,15,0,0,29,29,49,49,0,0,0,0,0,0,0,0,0,0,0,0,0,21,0,18,23,0,0,0,0,0,0,0,0,0,21,0,0,21,0,0,0,0,0,0,0,0,0,16,0,0,21,0,0,23,0,17,0,0,0,4864831.2908999985,-7457.927200000732,2,209,9,1371713894
5667,0,0,0,0,0,0,0,0,0,0,0,0,0,29,28,19,21,0,0,0,24,30,32,0,0,25,26,25,22,21,15,0,23,25,23,20,16,20,21,0,13,0,0,17,16,0,14,0,0,21,0,0,29,0,16,25,18,0,0,0,16,0,0,18,0,0,0,29,22,0,22,24,15,0,0,0,0,0,21,0,0,0,0,0,22,0,0,25,22,0,4864853.930299997,-7457.242100000381,2,212,9,1371714058
5668,0,0,0,0,0,0,15,0,0,0,0,0,14,18,18,0,0,0,0,22,18,28,28,0,0,0,19,21,21,0,0,17,18,0,22,0,0,28,28,19,0,0,0,13,20,0,0,19,0,0,25,0,24,0,19,23,20,0,0,0,21,0,0,21,0,0,0,0,27,0,19,25,19,0,0,0,0,15,20,0,0,0,21,0,27,0,0,27,0,0,4864852.0842999965,-7458.26419999823,2,210,9,1371714031
5669,0,0,0,0,0,0,0,0,0,0,0,0,0,23,23,19,0,0,0,0,27,32,30,0,0,24,23,28,28,0,0,0,0,0,20,17,17,25,26,0,0,0,0,0,25,15,0,0,0,0,0,0,27,0,23,30,0,0,0,0,0,17,23,0,0,23,0,0,28,0,18,30,0,0,0,15,21,15,0,0,0,24,22,0,26,0,22,26,0,16,4864853.930299997,-7457.242100000381,2,212,9,1371714708
5765,0,0,0,0,19,19,0,24,45,39,0,0,0,0,0,31,28,41,41,0,0,0,0,32,22,24,23,41,41,0,0,0,0,0,0,46,46,53,53,0,0,0,23,0,0,24,0,0,0,23,0,0,0,18,0,0,0,0,23,0,0,24,0,0,0,22,0,20,0,17,0,0,0,20,23,29,0,24,21,0,0,22,0,0,0,19,17,0,0,0,4864810.030100003,-7460.767900001259,2,205,9,1371713754
5768,0,0,0,15,16,0,26,28,29,30,0,0,0,0,0,19,19,33,33,0,0,0,0,0,0,34,34,40,39,0,0,0,14,0,0,42,43,47,47,0,0,0,20,31,0,23,0,0,0,0,0,23,0,35,0,0,0,0,20,34,0,0,25,0,0,22,0,26,0,22,0,0,0,0,21,34,16,0,0,30,0,0,0,26,0,23,17,0,0,0,4864815.285700001,-7457.755499999971,2,207,9,1371713782
5769,0,17,15,0,0,0,0,0,0,0,0,0,0,0,0,46,45,31,30,0,0,0,0,0,0,43,43,57,57,0,0,0,0,0,0,28,28,48,47,0,0,0,0,0,17,0,20,0,0,0,0,0,0,0,18,0,0,0,0,0,13,0,20,16,0,0,0,0,17,0,16,0,0,0,0,0,0,0,20,0,0,20,0,0,16,0,0,0,0,0,4864828.6049000025,-7453.059500001371,2,214,9,1371713989
5770,0,23,23,0,0,0,28,27,0,33,0,0,0,0,0,27,20,34,34,0,0,0,0,0,0,30,30,40,40,0,0,0,0,0,0,38,38,56,56,0,0,21,31,0,0,0,0,25,29,0,0,0,0,41,19,17,0,0,28,0,0,0,0,29,0,0,19,0,0,22,0,0,0,0,30,0,0,0,0,0,0,0,0,0,0,25,0,0,0,0,4864820.413199998,-7466.963700000197,2,200,9,1371713849
5771,0,23,23,0,0,0,27,27,0,0,23,21,0,0,0,29,29,34,34,0,0,0,0,25,0,27,0,43,44,0,0,0,20,0,0,36,36,55,55,0,27,0,41,0,26,0,15,42,28,0,23,0,0,0,19,0,23,0,35,0,26,0,0,28,32,0,23,0,0,18,0,0,0,0,37,23,33,0,0,29,31,0,0,0,0,0,0,0,0,0,4864815.057400003,-7469.88919999823,2,196,9,1371713821
5772,0,0,0,0,0,0,0,0,0,0,0,0,0,0,0,36,36,26,26,0,0,25,24,0,0,37,37,59,59,0,0,0,15,0,0,28,28,49,49,0,0,0,0,0,0,0,0,0,0,0,0,0,21,0,18,23,0,0,0,0,0,0,0,0,0,21,0,0,21,0,0,0,0,0,0,0,0,0,17,0,0,21,0,0,23,0,17,0,0,0,4864831.2908999985,-7457.927200000732,2,209,9,1371713895
5773,0,17,16,0,0,0,0,0,0,0,0,21,0,0,0,22,22,20,18,0,0,0,0,0,0,33,33,39,38,0,0,18,23,0,0,23,25,27,27,0,26,0,0,0,21,0,0,21,0,0,27,0,0,0,27,23,29,19,0,0,0,0,0,24,15,0,29,0,0,0,26,19,27,0,0,0,21,0,0,26,0,0,26,0,0,0,26,0,0,0,4864834.110160768,-7469.328741654754,2,199,9,1371713930
5775,0,0,0,0,0,0,15,0,0,0,0,0,14,18,18,0,0,0,0,22,23,28,28,0,0,0,19,21,21,0,0,17,19,19,22,0,0,28,28,19,0,0,0,13,20,0,0,19,0,0,25,0,27,0,20,23,20,0,0,0,21,0,0,21,0,0,0,0,24,0,20,25,19,0,0,0,0,15,20,0,0,0,21,0,24,0,0,27,0,0,4864852.0842999965,-7458.26419999823,2,210,9,1371714031
5776,0,0,0,0,0,0,0,0,0,0,0,0,0,26,22,19,0,0,0,0,27,31,30,0,0,24,21,35,34,17,0,0,0,20,19,17,17,25,26,0,0,0,0,0,25,15,0,0,0,0,0,0,29,0,23,30,0,0,0,0,0,17,23,0,0,23,0,0,28,0,18,30,0,0,0,15,22,15,0,0,0,24,22,0,26,0,23,26,0,16,4864853.930299997,-7457.242100000381,2,212,9,1371714707
5777,0,0,0,0,0,0,0,0,0,0,0,0,0,28,28,18,20,0,0,0,24,30,30,0,0,25,26,25,22,21,15,0,23,25,23,17,16,20,21,0,15,0,0,17,16,0,14,0,0,21,0,0,23,0,16,25,18,0,0,0,16,0,0,18,0,0,0,29,23,0,22,24,15,0,0,0,0,0,21,20,0,0,0,0,23,0,0,26,22,0,4864853.930299997,-7457.242100000381,2,212,9,1371714057
5875,0,0,0,0,19,19,0,24,29,35,0,0,0,0,0,31,28,41,41,0,0,0,0,32,22,24,23,40,40,0,0,0,0,0,0,47,46,52,52,0,0,0,23,29,0,24,0,0,0,23,0,0,0,18,0,0,0,0,23,0,0,24,0,0,0,22,0,20,0,17,0,0,0,20,23,29,0,24,21,0,0,22,0,0,0,19,17,0,0,0,4864810.030100003,-7460.767900001259,2,205,9,1371713754
5876,0,0,0,15,16,0,26,26,29,30,0,0,0,0,0,19,21,39,38,0,0,0,0,0,0,37,38,40,40,0,0,0,14,0,0,42,42,47,47,0,0,0,20,29,0,23,0,0,0,0,0,23,0,21,0,0,0,0,20,34,0,0,24,0,0,22,0,26,0,23,0,0,0,0,21,34,16,0,0,30,23,0,0,26,0,21,17,0,0,0,4864815.285700001,-7457.755499999971,2,207,9,1371713782
5879,0,23,23,0,0,0,28,27,0,33,0,0,0,0,0,27,20,40,41,0,0,0,0,0,0,26,26,39,39,0,0,0,0,0,0,40,40,58,58,0,0,21,36,0,0,0,0,25,29,0,0,0,0,41,19,17,0,0,28,21,0,0,0,29,22,0,19,0,0,28,0,0,0,0,28,0,0,0,0,27,0,0,0,0,0,25,0,0,0,0,4864820.413199998,-7466.963700000197,2,200,9,1371713849
5880,0,23,23,0,0,0,27,27,0,0,23,21,0,0,0,29,28,34,37,0,0,0,0,25,0,27,0,43,44,0,0,0,19,0,0,38,36,54,54,0,27,0,41,0,26,0,15,42,28,0,23,0,0,0,19,0,23,0,35,0,26,0,19,28,32,0,23,0,0,18,0,0,0,0,37,23,33,0,0,29,31,0,0,0,0,0,0,0,0,0,4864815.057400003,-7469.88919999823,2,196,9,1371713821
5881,0,0,0,0,0,0,0,0,15,0,0,0,0,0,0,38,38,25,26,0,0,25,24,0,0,39,40,60,60,0,0,0,15,0,0,28,24,48,48,0,0,0,0,0,0,0,0,0,0,21,0,0,21,0,18,23,0,0,0,0,0,0,0,0,0,21,0,0,21,0,18,0,0,0,0,0,0,0,17,0,0,21,0,0,23,0,17,0,0,0,4864831.2908999985,-7457.927200000732,2,209,9,1371713896
5882,0,17,16,0,0,0,0,0,0,0,0,21,0,0,0,26,27,20,18,0,0,0,0,0,0,33,26,38,37,0,0,18,23,0,0,22,22,28,28,0,25,0,0,0,21,0,0,21,0,0,27,0,0,0,27,23,25,19,0,0,0,0,0,25,15,0,29,0,0,0,27,19,26,0,0,0,21,0,0,26,0,0,26,0,0,0,27,0,0,0,4864834.110160768,-7469.328741654754,2,199,9,1371713930
5883,0,0,0,0,0,0,15,0,0,0,0,0,14,18,19,20,0,0,0,22,23,27,27,0,0,20,20,25,30,0,0,17,19,21,30,0,0,29,29,19,0,0,0,13,20,0,0,19,0,16,22,0,25,0,20,23,20,0,0,0,18,0,0,21,0,0,0,0,27,0,20,23,19,0,0,0,0,15,20,0,0,0,21,0,27,0,0,27,0,0,4864852.0842999965,-7458.26419999823,2,210,9,1371714031
5885,0,0,0,0,0,0,0,0,0,0,0,0,0,28,27,20,20,0,0,0,24,30,31,0,0,25,26,25,22,18,15,0,23,25,23,18,18,21,21,0,18,0,0,17,16,0,14,0,0,22,0,0,23,0,16,25,18,0,0,0,16,0,0,20,0,0,0,29,29,0,22,24,15,0,0,0,0,0,21,20,0,0,0,0,29,0,0,26,22,0,4864853.930299997,-7457.242100000381,2,212,9,1371714058
5886,0,0,0,0,0,0,0,0,0,0,0,0,0,26,22,19,0,0,0,22,27,31,30,0,0,23,21,35,35,17,21,0,0,20,19,17,17,27,26,0,0,0,0,0,25,15,0,0,0,0,0,0,24,0,23,30,0,0,0,0,0,17,23,0,0,19,0,0,28,0,18,30,0,0,0,15,26,15,0,18,0,24,22,0,26,0,20,26,20,16,4864853.930299997,-7457.242100000381,2,212,9,1371714707
5887,0,17,15,0,0,0,0,0,0,0,0,0,0,0,0,46,46,30,30,0,0,0,0,0,0,43,43,64,64,0,0,0,0,16,0,27,24,47,47,0,0,0,0,0,17,0,20,0,0,0,0,0,0,0,18,0,0,0,0,0,13,0,20,16,13,0,0,0,17,0,16,0,0,0,0,0,0,0,20,0,0,20,0,0,19,0,0,0,0,0,4864828.6049000025,-7453.059500001371,2,214,9,1371713990
5985,0,22,23,0,0,0,27,29,0,0,23,16,0,0,0,29,25,35,36,0,0,0,0,25,0,25,27,43,43,0,0,0,19,0,0,37,37,56,56,0,27,0,41,0,26,0,15,44,34,0,23,0,0,0,19,0,23,0,30,0,26,0,19,29,32,0,23,0,0,18,0,0,0,0,30,23,33,0,0,29,31,0,0,0,0,0,0,0,0,0,4864815.057400003,-7469.88919999823,2,196,9,1371713821
5986,0,0,0,15,16,0,26,26,29,30,0,0,0,0,0,19,21,33,33,0,0,0,0,0,0,34,33,40,40,0,0,0,14,0,0,43,42,49,48,0,0,0,20,30,0,23,26,0,0,0,0,23,0,38,0,0,0,0,20,34,0,0,24,0,0,22,0,26,0,23,0,0,0,0,21,34,16,0,0,30,23,0,0,22,0,21,17,0,0,0,4864815.285700001,-7457.755499999971,2,207,9,1371713783
5988,0,0,0,0,19,19,0,24,29,35,0,0,0,0,0,32,31,37,35,0,0,0,0,32,22,27,27,40,40,0,0,0,0,0,0,46,45,57,57,0,0,0,23,27,0,29,0,0,0,23,0,0,0,18,0,0,0,0,23,0,0,24,0,0,0,22,0,20,0,17,0,0,0,20,23,29,0,24,21,0,0,22,0,0,0,19,17,0,0,0,4864810.030100003,-7460.767900001259,2,205,9,1371713755
5989,0,17,23,0,0,0,0,0,0,0,0,21,0,0,0,26,27,20,18,0,0,0,0,0,0,33,26,39,38,0,0,24,25,0,0,21,24,28,29,0,25,0,0,0,21,0,0,21,0,0,27,0,0,0,27,24,25,19,0,0,0,0,0,25,15,0,20,0,0,0,26,19,26,0,0,0,21,0,0,26,16,0,27,0,0,0,27,0,0,0,4864834.110160768,-7469.328741654754,2,199,9,1371713931
5990,0,0,0,0,0,0,0,0,15,0,0,0,0,0,0,45,45,25,24,0,0,35,24,0,0,37,38,60,60,0,0,0,15,0,0,30,30,46,46,0,0,0,0,0,0,0,0,0,0,23,0,0,21,0,18,23,0,0,0,0,0,0,0,0,0,21,0,0,20,0,18,0,15,0,0,0,0,0,17,0,0,22,0,0,23,0,17,0,0,0,4864831.2908999985,-7457.927200000732,2,209,9,1371713896
5991,0,15,15,0,0,0,0,0,0,0,0,0,0,0,0,44,44,31,31,0,0,0,0,0,0,47,47,61,61,0,0,0,0,16,0,27,25,47,47,0,0,0,0,0,17,0,20,0,0,0,0,0,0,0,18,0,0,0,0,0,13,0,20,16,13,0,0,0,17,0,16,0,0,0,0,0,0,0,20,0,0,20,0,0,16,0,0,0,0,0,4864828.6049000025,-7453.059500001371,2,214,9,1371713990
5992,0,30,23,0,15,0,28,27,0,33,0,0,0,0,0,27,20,34,34,0,0,0,0,0,0,29,31,39,39,0,0,0,0,0,0,41,41,55,54,0,0,21,36,0,0,0,0,25,29,0,0,0,0,24,19,17,0,0,27,21,0,0,0,29,22,0,19,0,0,22,0,0,0,0,28,0,0,0,0,44,0,0,0,0,0,25,0,0,0,0,4864820.413199998,-7466.963700000197,2,200,9,1371713849
5993,0,0,0,0,0,0,15,0,0,0,0,0,14,18,19,20,0,0,0,22,23,28,28,0,0,20,20,28,31,0,0,17,19,25,30,16,16,28,29,19,17,0,0,13,20,0,16,19,0,16,22,0,25,0,20,25,20,0,0,0,18,0,0,21,0,0,0,0,27,0,20,23,19,0,0,0,0,15,20,0,0,0,21,0,24,0,0,27,0,0,4864852.0842999965,-7458.26419999823,2,210,9,1371714032
5996,0,0,0,0,0,0,0,0,0,0,0,0,0,28,28,20,20,0,0,0,24,30,32,0,0,25,26,25,26,18,15,0,23,22,23,18,18,21,19,0,18,0,0,17,16,0,14,0,0,22,0,0,23,0,16,25,18,0,0,0,23,0,0,20,0,22,0,29,29,0,22,24,15,0,0,0,0,0,21,20,0,0,0,0,29,0,0,26,22,0,4864853.930299997,-7457.242100000381,2,212,9,1371714058
5997,0,0,0,0,0,0,0,0,0,0,0,0,0,26,22,19,0,0,0,21,27,31,30,0,0,21,21,35,35,17,21,0,0,20,19,17,17,26,27,0,0,0,0,0,25,15,0,0,0,0,0,0,24,0,23,30,0,0,0,0,0,17,23,0,0,19,0,0,28,0,18,30,0,0,0,15,22,15,0,18,0,24,22,0,26,0,23,26,20,16,4864853.930299997,-7457.242100000381,2,212,9,1371714708
6094,0,16,0,0,19,19,0,24,34,34,0,0,0,0,0,38,32,40,41,0,0,0,0,32,22,25,25,40,40,0,0,0,0,0,0,46,46,53,53,0,0,0,31,27,0,29,0,0,0,23,0,0,0,17,0,0,0,0,23,0,0,24,0,0,0,22,0,20,0,17,0,0,0,20,23,29,0,24,21,0,0,22,0,0,0,19,17,0,0,0,4864810.030100003,-7460.767900001259,2,205,9,1371713755
6095,0,0,0,15,16,0,26,26,29,30,0,0,0,0,0,22,26,36,36,0,0,0,0,0,0,36,37,40,40,0,0,0,14,0,0,43,43,49,49,0,0,0,20,31,0,23,26,0,0,0,0,23,0,37,0,0,0,0,20,34,0,0,24,0,0,22,0,26,0,22,0,0,0,0,21,34,16,0,0,30,23,0,0,22,0,39,17,0,0,0,4864815.285700001,-7457.755499999971,2,207,9,1371713783
6097,0,22,23,0,0,0,27,29,0,0,23,16,0,0,0,24,24,37,38,0,0,0,0,25,0,25,25,45,46,0,0,0,19,0,0,37,37,57,63,0,27,0,30,0,26,0,15,44,34,0,23,0,0,0,19,0,23,0,34,0,26,0,19,29,28,0,23,0,0,18,0,0,0,0,30,23,33,0,0,29,31,0,32,0,0,0,0,0,0,0,4864815.057400003,-7469.88919999823,2,196,9,1371713822
6099,0,15,15,0,0,0,0,0,0,14,0,0,0,0,0,43,43,31,31,0,0,0,0,0,0,47,42,63,63,0,0,0,0,16,0,31,27,46,45,0,0,0,0,0,17,0,20,0,0,0,0,0,16,0,18,0,0,0,0,0,13,0,20,16,13,0,0,0,17,0,16,0,0,0,0,0,0,0,20,0,0,20,0,0,16,0,0,0,0,0,4864828.6049000025,-7453.059500001371,2,214,9,1371713990
6100,0,30,23,0,15,0,28,27,0,23,0,0,0,0,0,27,24,34,34,0,0,0,0,0,0,32,31,39,38,0,0,0,0,0,0,41,30,55,55,0,0,21,36,0,0,0,0,25,23,0,0,0,0,24,19,17,0,0,27,21,0,0,16,29,23,0,20,0,0,22,0,0,0,0,31,0,0,0,0,44,28,0,0,0,0,25,0,0,0,0,4864820.413199998,-7466.963700000197,2,200,9,1371713850
6101,0,17,23,0,0,0,0,0,0,0,0,21,0,0,0,27,24,20,18,0,0,0,0,0,0,27,26,37,37,0,0,24,25,0,0,23,23,28,29,0,22,0,0,0,21,0,0,21,0,0,27,0,0,0,27,24,20,19,0,0,0,0,0,21,15,0,20,0,0,0,27,19,27,0,0,0,21,0,0,26,16,0,28,0,0,0,27,0,0,0,4864834.110160768,-7469.328741654754,2,199,9,1371713931
6102,0,0,0,0,0,0,0,0,15,0,0,0,0,0,0,45,45,25,24,0,0,35,24,0,0,37,36,60,60,0,0,0,15,0,0,25,25,48,48,0,0,0,0,0,0,0,0,0,0,23,0,0,21,0,18,23,0,0,0,0,0,0,0,0,0,23,0,0,20,0,18,0,15,0,0,0,0,0,17,0,0,21,0,0,23,0,17,0,0,0,4864831.2908999985,-7457.927200000732,2,209,9,1371713896
6104,0,0,0,0,0,0,0,0,0,0,0,0,0,28,28,19,19,0,0,0,24,30,32,0,0,25,22,25,25,18,21,0,23,24,27,16,18,21,19,0,14,0,0,17,16,0,14,0,0,22,0,0,23,0,16,26,18,0,0,0,23,0,0,20,0,22,0,29,29,0,22,25,15,0,0,0,0,0,21,18,0,0,0,0,23,0,0,26,22,0,4864853.930299997,-7457.242100000381,2,212,9,1371714059
6105,0,0,0,0,0,0,0,0,0,0,0,0,0,26,24,21,0,0,0,25,22,29,29,0,0,21,21,35,35,17,21,0,0,18,19,17,17,27,27,0,0,0,0,0,25,15,21,0,0,20,0,0,24,0,23,30,0,0,0,0,21,17,23,17,0,19,0,0,28,0,22,27,0,0,0,15,22,15,0,18,0,24,22,0,26,0,23,26,20,16,4864853.930299997,-7457.242100000381,2,212,9,1371714709
6106,0,0,0,0,0,0,15,0,0,0,0,0,14,18,19,20,0,0,0,22,23,30,30,0,0,28,20,31,31,19,19,17,19,20,20,15,16,28,28,19,17,0,0,13,20,0,16,19,0,16,22,0,25,0,22,25,20,0,0,0,18,0,0,21,0,0,0,0,27,0,22,23,19,0,0,0,0,15,20,0,0,0,21,0,24,0,23,27,0,0,4864852.0842999965,-7458.26419999823,2,210,9,1371714032
6205,0,0,0,0,0,0,0,0,0,0,0,0,0,17,18,0,0,0,0,19,20,23,18,0,0,21,21,18,18,0,15,17,14,20,17,22,21,20,17,17,13,0,0,0,0,0,0,18,0,15,18,0,22,0,0,0,14,0,0,0,12,0,0,0,0,11,0,0,19,0,0,12,0,0,0,0,13,0,0,0,0,18,15,0,18,0,0,0,0,0,4864852.0842999965,-7458.26419999823,2,210,10,1371713830
6208,0,0,0,0,0,0,0,0,0,0,0,0,0,14,17,0,0,0,0,19,21,24,28,0,0,0,0,26,26,0,0,0,0,19,20,14,15,18,18,0,0,0,0,0,0,0,0,0,0,17,0,0,23,0,0,0,0,0,0,0,0,0,0,0,0,0,0,0,22,0,0,0,0,0,0,0,0,0,0,0,0,18,0,0,22,0,0,0,0,0,4864853.930299997,-7457.242100000381,2,212,10,1371713734
6222,0,0,0,0,0,0,21,11,0,20,0,0,0,0,0,13,13,27,20,0,0,0,0,0,0,13,13,34,32,0,0,0,0,0,0,35,34,36,36,0,0,0,0,15,0,0,0,0,0,0,0,12,0,0,0,0,0,0,11,0,0,21,21,0,0,17,0,0,0,14,0,0,0,0,0,15,0,18,21,0,0,15,0,0,0,0,0,0,0,0,4864815.285700001,-7457.755499999971,2,207,10,1371714966
6223,0,0,0,0,0,0,0,0,0,0,0,0,0,0,0,35,35,15,14,0,0,0,0,0,0,39,38,60,59,0,0,0,0,0,0,20,20,45,44,0,0,0,0,0,0,0,18,0,0,21,0,0,0,0,0,0,0,0,0,0,13,0,14,0,0,15,0,0,0,0,0,0,0,0,0,0,15,0,14,0,0,19,0,0,0,0,0,0,0,0,4864828.6049000025,-7453.059500001371,2,214,10,1371714927
6224,0,0,13,0,0,0,20,19,17,13,0,0,0,0,0,23,19,32,33,0,0,0,0,0,0,27,19,48,48,0,0,0,0,0,0,30,31,51,51,0,0,0,15,19,0,19,0,0,0,0,0,0,0,0,0,0,0,0,19,17,0,19,0,15,17,0,0,0,0,0,0,0,0,0,18,20,0,21,0,0,0,0,0,0,0,0,0,0,0,0,4864810.030100003,-7460.767900001259,2,205,10,1371714993
6225,0,21,20,0,0,0,19,17,17,0,15,0,0,0,0,17,15,22,23,0,0,0,0,0,0,20,14,35,36,0,0,0,15,0,0,25,27,60,59,0,0,19,22,0,22,0,0,20,17,0,0,0,0,0,21,0,0,0,22,0,18,0,0,19,0,0,0,0,0,0,19,0,0,0,22,0,21,0,0,22,15,0,17,0,0,0,18,0,0,0,4864815.057400003,-7469.88919999823,2,196,10,1371715022
6226,0,18,18,0,0,0,20,21,21,21,0,0,0,0,0,17,12,31,27,0,0,0,0,0,0,22,20,33,34,0,0,0,0,0,0,32,32,50,50,0,0,0,26,15,0,0,0,0,21,0,13,0,0,13,0,0,0,0,17,0,0,0,0,0,17,0,0,0,0,19,0,0,0,0,24,19,15,15,0,21,14,0,0,0,0,17,0,0,0,0,4864820.413199998,-7466.963700000197,2,200,10,1371715062
6227,0,0,0,0,0,0,0,0,0,0,0,0,0,0,0,34,35,20,17,0,0,0,0,0,0,33,33,57,57,0,0,0,0,0,0,31,28,33,33,0,0,0,0,0,0,0,0,0,0,14,13,0,0,0,17,20,0,0,0,0,15,0,0,0,11,17,0,0,0,0,0,17,0,0,0,0,15,0,0,0,0,17,0,0,0,0,0,0,0,0,4864831.2908999985,-7457.927200000732,2,209,10,1371715101
6228,0,17,15,0,0,0,0,0,0,0,0,0,0,0,0,21,21,0,0,0,0,0,0,0,0,26,23,36,34,0,0,14,20,0,0,15,15,28,28,0,15,0,0,0,0,0,0,0,0,0,15,0,0,0,22,19,15,0,0,0,14,0,0,0,14,0,18,0,0,0,21,17,18,0,0,0,18,0,0,0,13,0,19,0,0,0,15,0,0,0,4864834.110160768,-7469.328741654754,2,199,10,1371715135
6295,0,0,0,0,0,0,0,0,0,0,0,0,0,19,18,0,0,0,0,19,20,28,30,0,0,0,0,15,0,0,0,0,0,0,17,19,18,17,0,0,18,0,0,0,0,0,0,0,0,0,0,0,16,0,0,13,0,0,0,0,0,0,0,0,0,0,0,0,0,0,0,0,0,0,0,0,0,0,0,18,0,0,0,0,0,0,0,0,0,0,4864852.0842999965,-7458.26419999823,2,210,10,1371713817
6296,0,0,0,0,0,0,0,0,0,0,0,0,0,0,17,0,0,0,0,22,23,27,25,0,0,0,0,21,23,15,13,0,0,0,12,14,0,18,21,0,0,0,0,0,0,14,0,14,0,0,0,0,22,0,0,0,0,0,0,0,0,0,0,0,0,0,0,0,20,0,0,0,0,0,0,0,0,0,0,0,0,0,0,0,22,0,0,0,0,0,4864853.930299997,-7457.242100000381,2,212,10,1371713722
6309,0,0,0,0,0,0,0,0,0,0,0,0,0,0,0,39,40,13,0,0,0,0,0,0,0,44,44,63,62,0,0,0,0,0,0,26,29,44,45,0,0,0,0,0,0,0,0,0,0,0,0,0,0,0,12,0,0,0,0,0,0,0,0,0,0,0,0,0,0,0,0,0,0,0,0,0,0,0,17,0,0,16,0,0,0,0,0,0,0,0,4864828.6049000025,-7453.059500001371,2,214,10,1371714915
6313,0,0,0,0,0,0,24,11,0,14,0,0,0,0,0,21,22,37,37,0,0,0,0,0,0,16,23,40,39,0,0,0,0,0,0,26,26,51,51,0,0,0,18,21,0,0,0,0,0,0,0,12,0,0,0,0,0,0,16,21,0,21,21,0,0,17,0,0,0,14,0,0,0,0,16,20,17,18,0,0,0,15,0,0,0,0,0,0,0,0,4864810.030100003,-7460.767900001259,2,205,10,1371714982
6314,0,21,20,0,0,0,0,21,20,20,0,0,0,0,0,13,17,28,28,0,0,0,0,0,0,20,20,38,40,0,0,0,0,0,0,38,38,47,47,0,0,0,0,17,0,0,18,0,0,21,0,0,0,0,0,0,0,0,0,0,13,19,14,0,0,15,0,0,0,0,0,0,0,0,0,0,15,0,14,0,0,19,0,18,0,0,0,0,0,0,4864815.285700001,-7457.755499999971,2,207,10,1371714955
6315,0,21,21,0,0,0,20,14,0,21,0,0,0,0,0,23,17,36,35,0,0,0,0,0,0,27,19,45,43,0,0,0,0,0,0,36,36,51,52,0,0,0,25,19,18,19,0,26,18,0,0,0,0,0,19,0,0,0,26,17,0,0,0,21,17,0,0,0,0,0,0,0,18,0,24,20,0,21,0,0,0,0,0,0,0,0,0,0,0,0,4864815.057400003,-7469.88919999823,2,196,10,1371715011
6316,0,20,16,0,0,0,23,20,22,19,0,0,0,0,0,13,17,28,30,0,0,0,0,0,0,18,17,28,27,0,0,0,0,0,0,34,36,53,53,0,0,0,19,0,0,0,0,20,13,0,0,0,0,12,0,0,0,20,20,0,14,0,0,18,12,0,0,0,0,16,0,0,0,13,22,0,0,15,0,0,0,0,0,0,0,16,0,0,0,0,4864820.413199998,-7466.963700000197,2,200,10,1371715051
6317,0,18,18,0,0,0,20,21,21,21,0,0,0,0,0,32,31,20,22,0,0,0,0,0,0,40,39,47,47,0,0,0,0,0,0,21,21,36,37,0,0,0,26,15,0,0,0,0,0,0,19,0,0,13,0,0,0,0,17,0,0,0,0,0,17,0,0,0,0,19,0,20,0,0,24,19,15,15,0,21,14,0,0,0,0,0,0,0,0,0,4864831.2908999985,-7457.927200000732,2,209,10,1371715090
6319,0,0,0,0,0,0,0,0,0,0,0,0,0,0,0,14,14,20,17,0,0,0,0,0,0,22,19,39,36,0,0,0,0,0,0,31,28,25,25,0,0,0,0,0,0,0,0,21,0,14,23,0,0,0,21,20,14,0,0,0,15,0,0,14,11,17,24,0,0,0,20,18,0,0,0,0,15,0,0,14,0,17,23,0,0,0,0,0,0,0,4864834.110160768,-7469.328741654754,2,199,10,1371715123
6387,0,0,0,0,0,0,0,0,0,0,0,0,0,19,23,0,0,0,0,21,22,23,24,0,0,14,0,15,0,0,0,0,0,18,19,20,19,20,19,0,18,0,0,0,0,0,0,0,0,0,0,0,20,0,0,13,18,0,0,0,0,0,0,0,0,0,0,0,0,0,0,0,0,0,0,0,0,0,0,18,0,0,0,0,0,0,0,14,0,0,4864852.0842999965,-7458.26419999823,2,210,10,1371713819
6389,0,0,0,0,0,0,0,0,0,0,0,0,0,0,17,0,17,0,0,20,19,20,21,0,0,0,0,24,20,0,13,0,0,20,19,0,0,19,17,0,0,0,0,0,13,14,0,0,0,0,0,0,19,0,0,0,0,0,0,0,0,0,0,0,0,0,0,0,20,0,17,0,0,0,0,0,0,0,0,0,0,0,0,0,20,0,0,0,0,0,4864853.930299997,-7457.242100000381,2,212,10,1371713723
6399,0,0,0,0,0,0,0,0,0,0,0,0,0,0,0,41,41,21,22,0,0,0,0,0,0,38,38,55,54,0,0,0,0,0,0,28,28,37,35,0,0,0,0,0,0,0,0,0,0,0,0,0,0,0,12,0,0,0,0,0,0,0,0,0,0,0,0,0,0,0,0,0,0,0,0,0,0,0,17,0,0,16,0,0,0,0,0,0,0,0,4864828.6049000025,-7453.059500001371,2,214,10,1371714916
6404,0,21,17,0,0,0,20,13,15,18,0,0,0,0,0,18,20,34,32,0,0,0,0,0,0,22,20,42,44,0,0,0,0,0,0,30,28,59,55,0,0,0,25,0,18,0,0,26,18,0,0,0,0,0,19,14,0,0,26,0,0,0,0,19,17,0,0,0,0,0,0,0,18,0,27,0,0,0,0,20,0,0,0,0,0,0,0,0,0,0,4864815.057400003,-7469.88919999823,2,196,10,1371715012
6405,0,21,15,0,0,0,22,19,20,20,0,0,0,0,0,13,17,27,26,0,0,0,0,0,0,24,23,36,35,0,0,0,0,0,0,37,35,44,44,0,0,0,0,17,0,0,0,0,0,0,0,0,0,0,0,0,0,0,0,19,0,19,0,0,0,0,0,0,0,19,0,0,0,0,0,0,14,0,0,0,0,0,0,18,0,15,0,0,0,0,4864815.285700001,-7457.755499999971,2,207,10,1371714956
6406,0,0,13,0,0,0,18,18,19,14,0,0,0,0,0,21,15,34,30,0,0,0,0,0,0,19,23,42,42,0,0,0,0,0,0,31,30,54,54,0,0,0,18,21,0,0,17,0,0,0,0,0,0,0,0,0,0,0,13,21,17,21,0,0,0,0,0,0,0,0,0,0,0,0,16,20,17,0,0,0,0,0,0,0,0,0,0,0,0,0,4864810.030100003,-7460.767900001259,2,205,10,1371714983
6407,0,21,16,0,0,0,19,21,22,22,0,0,0,0,0,14,15,29,30,0,0,0,0,0,0,22,22,32,33,0,0,0,0,0,0,37,37,54,53,0,0,0,25,0,0,0,0,0,15,0,0,0,0,15,0,0,0,0,25,0,0,0,0,0,12,0,0,0,0,19,0,0,0,13,26,0,0,0,0,0,0,0,0,0,0,16,0,0,0,0,4864820.413199998,-7466.963700000197,2,200,10,1371715052
6408,0,0,0,0,0,0,0,0,0,0,0,0,0,0,0,35,33,21,19,0,0,0,0,0,0,36,37,47,48,0,0,0,0,0,0,18,17,37,37,0,0,0,0,0,0,0,0,0,0,0,19,0,0,0,0,0,0,0,0,0,0,0,0,0,0,14,0,0,0,0,0,18,0,0,0,0,0,0,0,0,0,0,0,0,12,0,0,0,0,0,4864831.2908999985,-7457.927200000732,2,209,10,1371715091
6409,0,12,13,0,0,0,0,0,0,0,0,0,0,0,0,15,14,0,0,0,0,0,0,0,0,22,19,35,34,0,0,20,20,0,0,0,0,23,23,0,0,0,0,0,0,0,0,21,0,0,22,0,0,0,21,0,14,0,0,0,18,0,0,14,0,0,23,0,0,0,19,18,0,0,0,0,15,0,0,14,0,0,20,0,0,0,20,0,0,0,4864834.110160768,-7469.328741654754,2,199,10,1371715124
6479,0,0,0,0,0,0,0,0,0,0,0,0,0,0,17,0,17,0,0,24,24,24,22,0,0,15,0,25,25,0,13,0,0,22,22,17,0,18,18,0,0,0,0,0,13,14,0,0,0,0,0,0,24,0,0,0,0,0,0,0,0,17,0,0,0,15,0,0,22,0,17,0,0,0,0,0,0,0,0,0,0,0,0,0,18,0,0,0,0,0,4864853.930299997,-7457.242100000381,2,212,10,1371713725
6482,0,0,0,0,0,0,0,0,0,0,0,0,0,19,18,0,13,0,0,18,22,28,29,0,0,18,19,13,18,0,0,0,0,17,20,20,18,19,17,0,18,0,0,0,0,0,0,0,0,0,0,0,23,0,0,13,18,0,0,0,0,0,0,0,0,15,12,0,0,0,0,0,0,0,0,0,0,0,0,18,0,0,0,0,0,0,0,14,0,0,4864852.0842999965,-7458.26419999823,2,210,10,1371713824
6495,0,0,0,0,0,0,0,0,0,0,0,0,0,0,0,35,37,21,22,0,0,0,0,0,0,33,34,51,50,0,0,0,0,0,0,19,17,43,43,0,0,0,0,0,0,0,0,0,0,20,0,0,0,0,12,0,0,0,0,0,0,0,0,0,0,0,0,0,0,0,0,0,0,0,0,0,0,0,17,0,0,0,0,0,0,0,0,0,0,0,4864828.6049000025,-7453.059500001371,2,214,10,1371714918
6496,0,18,20,0,0,0,22,25,20,20,0,0,0,0,0,13,17,14,27,0,0,0,0,0,0,24,23,37,35,0,0,0,0,0,0,38,38,47,47,0,0,0,0,20,0,0,0,0,0,0,0,0,0,0,0,0,0,0,0,19,0,19,0,0,0,0,0,0,0,19,0,0,0,0,0,23,14,0,0,0,0,0,0,18,0,15,0,0,0,0,4864815.285700001,-7457.755499999971,2,207,10,1371714957
6497,0,17,14,0,0,0,18,19,17,14,0,0,0,0,0,18,15,35,36,0,0,0,0,0,0,25,25,44,43,0,0,0,0,0,0,32,34,48,48,0,0,0,17,21,0,0,17,0,0,0,0,0,0,0,0,0,0,0,13,21,17,21,0,0,0,0,0,0,0,0,0,0,0,0,16,20,17,0,0,0,0,0,0,0,0,0,0,0,0,0,4864810.030100003,-7460.767900001259,2,205,10,1371714984
6498,0,25,23,0,0,0,24,21,19,17,0,0,0,0,0,13,13,31,31,0,0,0,0,0,0,23,22,38,38,0,0,0,0,0,0,32,32,52,51,0,0,0,0,0,17,14,0,18,0,0,0,0,0,20,0,0,0,12,24,0,0,0,0,15,0,0,0,0,0,18,0,0,0,0,23,0,0,16,0,13,0,0,0,0,0,15,0,0,0,0,4864820.413199998,-7466.963700000197,2,200,10,1371715042
6499,0,22,22,0,0,0,19,21,22,21,0,0,0,0,0,14,15,26,27,0,0,0,0,0,0,22,23,31,29,0,0,0,0,0,0,36,36,50,51,0,0,17,26,0,0,15,0,19,15,0,0,0,0,15,0,0,0,0,25,0,0,0,0,0,13,0,0,0,0,19,0,0,0,13,26,0,0,0,0,0,0,0,0,0,0,16,0,0,0,0,4864820.413199998,-7466.963700000197,2,200,10,1371715053
6500,0,20,20,0,0,0,21,20,15,18,0,0,0,0,0,22,22,36,35,0,0,0,0,0,0,13,17,43,43,0,0,0,0,0,0,40,37,55,55,0,0,0,25,0,18,0,0,21,15,0,0,0,0,0,19,14,0,0,30,0,0,0,0,23,17,0,0,0,0,0,0,0,18,0,22,0,0,0,0,23,0,0,0,0,0,0,0,0,0,0,4864815.057400003,-7469.88919999823,2,196,10,1371715013
6501,0,12,13,0,0,0,0,0,0,0,0,0,0,0,0,19,20,0,0,0,0,0,0,0,0,24,23,35,36,0,0,20,19,0,0,11,0,25,25,0,0,0,0,0,13,0,0,14,0,0,21,0,0,0,18,0,14,0,0,0,18,0,0,18,0,0,23,0,0,0,19,18,0,0,0,0,15,0,0,14,0,0,15,0,0,0,20,0,0,0,4864834.110160768,-7469.328741654754,2,199,10,1371715126
6502,0,0,0,0,0,0,0,0,0,0,0,0,0,0,0,32,27,21,18,0,0,0,0,0,0,35,37,50,48,0,0,0,0,0,0,20,19,42,41,0,0,0,0,0,0,0,0,0,0,0,19,0,0,0,0,0,0,0,0,0,0,0,0,0,0,14,0,0,0,0,0,20,0,0,0,0,0,0,0,0,0,0,0,0,12,0,0,0,0,0,4864831.2908999985,-7457.927200000732,2,209,10,1371715093
6568,0,0,0,0,0,0,0,0,0,0,0,0,0,11,14,0,17,0,0,19,24,20,18,0,0,15,0,21,23,0,13,0,0,20,21,17,0,18,18,0,0,0,0,0,13,12,0,0,0,0,0,0,25,0,0,0,0,0,0,0,0,17,0,0,0,15,0,0,25,0,17,0,0,0,0,0,0,0,0,0,0,19,0,0,24,0,0,0,0,0,4864853.930299997,-7457.242100000381,2,212,10,1371713726
6573,0,0,0,0,0,0,0,0,0,0,0,0,0,19,18,0,13,0,0,22,23,18,21,0,0,19,22,17,15,0,0,14,13,18,19,20,19,20,18,0,18,0,0,0,0,0,0,0,0,0,0,0,24,0,0,13,18,0,0,0,0,0,0,0,0,15,12,0,21,0,0,0,0,0,0,0,0,0,0,18,0,0,0,0,19,0,0,14,0,0,4864852.0842999965,-7458.26419999823,2,210,10,1371713824
6585,0,18,19,0,0,0,24,24,20,21,0,0,0,0,0,13,15,14,26,0,0,0,0,0,0,18,22,35,36,0,0,0,0,0,0,32,31,37,38,0,0,0,0,18,0,22,0,0,0,0,0,0,0,0,0,0,0,0,0,20,0,19,0,0,0,0,0,0,0,19,0,0,0,0,0,17,14,19,0,0,0,0,0,18,0,15,0,0,0,0,4864815.285700001,-7457.755499999971,2,207,10,1371714959
6586,0,0,0,0,0,0,0,0,0,0,0,0,0,0,0,34,34,19,24,0,0,0,0,0,0,37,39,55,56,0,0,0,0,0,0,21,21,44,43,0,0,0,0,0,0,0,0,0,0,20,0,0,0,0,12,0,0,0,0,0,0,0,0,0,0,0,0,0,0,0,0,0,0,0,0,0,0,0,15,0,0,0,0,0,0,0,0,0,0,0,4864828.6049000025,-7453.059500001371,2,214,10,1371714919
6589,0,20,19,0,0,0,21,18,11,20,0,0,0,0,0,22,20,35,34,0,0,0,0,0,0,24,21,42,41,0,0,14,0,0,0,33,36,58,53,0,0,13,21,0,18,0,0,22,15,0,0,0,0,0,19,15,0,0,19,0,0,0,0,24,17,0,0,0,0,0,0,15,18,0,17,14,15,0,0,22,20,0,0,0,0,0,0,0,0,0,4864815.057400003,-7469.88919999823,2,196,10,1371715015
6590,0,0,0,0,0,0,0,0,0,0,0,0,0,0,0,37,36,21,17,0,0,0,0,0,0,36,37,58,57,0,0,0,0,0,0,24,25,41,32,0,0,0,0,0,0,0,0,0,0,0,19,0,0,0,0,0,0,0,0,0,0,0,0,0,0,14,0,0,0,0,0,19,0,0,0,0,17,0,0,0,0,0,0,0,12,0,0,0,0,0,4864831.2908999985,-7457.927200000732,2,209,10,1371715094
6591,0,25,22,0,0,0,19,21,22,21,0,0,0,0,0,14,12,22,23,0,0,0,0,0,0,23,24,31,27,0,0,0,0,0,0,35,36,48,47,0,0,17,24,0,0,15,0,19,15,0,0,0,0,15,0,0,0,11,24,0,0,0,0,20,18,0,0,0,0,19,0,0,0,13,24,0,0,15,0,14,0,0,0,0,0,16,0,0,0,0,4864820.413199998,-7466.963700000197,2,200,10,1371715054
6592,0,17,17,0,0,0,19,19,17,21,0,0,0,0,0,21,20,36,35,0,0,0,0,0,0,26,26,39,37,0,0,0,14,0,0,31,30,60,59,0,0,0,17,21,0,0,17,0,0,0,0,0,0,0,0,0,0,0,14,21,17,21,0,18,0,0,0,0,0,0,0,0,0,0,15,20,17,0,0,0,0,0,0,0,0,0,0,0,0,0,4864810.030100003,-7460.767900001259,2,205,10,1371714986
6593,0,15,18,0,0,0,24,22,19,17,0,0,0,0,0,14,13,33,33,0,0,0,0,0,0,18,22,36,36,0,0,0,0,0,0,38,37,47,49,0,0,0,0,0,17,15,0,18,0,0,0,0,0,18,0,0,0,12,24,0,0,0,0,15,0,0,0,0,0,17,0,0,0,0,23,0,0,16,0,13,0,0,0,0,0,19,0,0,0,0,4864820.413199998,-7466.963700000197,2,200,10,1371715043
6595,0,12,13,0,0,0,0,0,0,0,0,0,0,0,0,19,20,0,0,0,0,0,0,0,0,11,12,36,36,0,0,20,23,0,0,11,0,23,24,0,0,0,0,0,13,0,0,14,0,0,22,0,0,0,18,0,14,0,0,0,18,0,0,18,0,0,18,0,0,0,19,18,0,0,0,0,18,0,0,14,12,0,19,0,0,0,19,0,0,0,4864834.110160768,-7469.328741654754,2,199,10,1371715127
6662,0,0,0,0,0,0,0,0,0,0,0,0,0,18,18,0,13,0,0,21,20,27,27,0,0,19,19,15,18,0,0,14,15,18,20,20,19,20,18,0,17,0,0,0,0,0,0,0,0,0,0,0,21,0,0,0,18,0,0,0,0,0,0,0,0,15,12,0,21,0,0,0,17,0,0,0,0,0,0,0,0,0,0,0,19,0,0,14,0,0,4864852.0842999965,-7458.26419999823,2,210,10,1371713823
6665,0,0,0,0,0,0,0,0,0,0,0,0,0,11,14,0,17,0,0,19,24,25,25,0,0,15,0,23,22,0,0,0,0,18,20,17,0,18,18,0,0,0,0,0,13,12,0,0,0,0,0,0,23,0,0,14,0,0,0,0,0,17,0,0,0,15,0,0,20,0,17,0,0,0,0,0,0,0,0,0,0,17,0,0,21,0,0,0,0,0,4864853.930299997,-7457.242100000381,2,212,10,1371713727
6677,0,0,0,0,0,0,0,0,0,0,0,0,0,0,0,32,36,26,25,0,0,0,0,0,0,40,40,57,58,0,0,0,0,0,0,23,24,43,43,0,0,0,0,0,0,0,15,0,0,20,0,0,0,0,0,0,0,0,0,0,0,0,0,0,0,21,0,0,0,0,0,0,0,0,0,0,0,0,15,0,0,0,0,0,0,0,0,0,0,0,4864828.6049000025,-7453.059500001371,2,214,10,1371714920
6680,0,25,19,0,0,0,19,21,22,21,0,0,0,0,0,18,12,22,23,0,0,0,0,0,0,26,26,34,34,0,0,0,0,0,0,26,25,50,50,0,0,12,25,0,0,15,0,13,14,0,0,0,0,15,0,0,0,11,21,0,0,0,0,15,18,0,0,0,0,19,0,0,0,0,21,0,0,15,0,19,15,0,0,0,0,0,0,0,0,0,4864820.413199998,-7466.963700000197,2,200,10,1371715056
6681,0,15,18,0,0,0,26,27,19,0,0,0,0,0,0,14,12,33,32,0,0,0,0,0,0,28,23,37,37,0,0,0,0,0,0,33,37,47,46,0,0,0,23,0,0,15,0,18,0,0,0,0,0,18,0,0,0,0,27,0,0,0,0,0,0,0,0,0,0,17,0,0,0,0,18,0,0,15,0,0,0,0,0,0,0,19,0,0,0,0,4864820.413199998,-7466.963700000197,2,200,10,1371715045
6682,0,20,19,0,0,0,22,21,11,20,0,0,0,0,0,22,21,29,30,0,0,0,0,0,0,18,21,43,43,0,0,14,0,0,0,28,32,54,54,0,0,13,24,18,0,0,0,22,15,0,0,0,0,0,0,15,0,0,19,0,0,0,0,19,17,0,0,0,0,0,0,15,0,0,17,14,15,0,0,22,20,0,0,0,0,0,0,0,0,0,4864815.057400003,-7469.88919999823,2,196,10,1371715016
6683,0,17,17,0,0,0,19,18,19,21,0,0,0,0,0,20,19,29,35,0,0,0,0,0,0,21,22,45,45,0,0,0,14,0,0,29,30,54,53,0,0,0,17,0,0,0,17,0,0,0,0,0,0,0,0,0,0,0,14,0,17,18,14,18,0,0,0,0,0,0,0,0,0,0,15,0,0,0,0,0,0,0,0,0,0,0,0,0,0,0,4864810.030100003,-7460.767900001259,2,205,10,1371714987
6684,0,17,19,0,0,0,24,21,0,21,0,0,0,0,0,17,15,14,26,0,0,0,0,0,0,18,19,33,34,0,0,0,0,0,0,33,33,44,45,0,0,0,0,18,0,18,0,0,0,0,0,17,0,0,0,0,0,0,0,20,0,0,0,0,0,0,0,0,0,19,0,0,0,0,0,19,14,19,0,0,11,15,0,0,0,15,0,0,0,0,4864815.285700001,-7457.755499999971,2,207,10,1371714960
6685,0,12,12,0,0,0,0,0,0,0,0,0,0,0,0,19,20,0,0,0,0,0,0,0,0,25,24,37,36,0,0,20,17,0,0,11,0,24,24,0,0,0,0,0,21,0,0,14,0,0,22,0,0,0,19,0,0,0,0,0,18,0,0,18,0,0,18,0,0,0,19,17,0,0,0,0,18,0,0,0,12,0,19,0,0,0,19,0,0,0,4864834.110160768,-7469.328741654754,2,199,10,1371715128
6686,0,0,0,0,0,0,0,0,0,0,0,0,0,0,0,36,35,21,20,0,0,0,0,0,0,33,30,53,53,0,0,0,0,0,0,21,20,37,38,0,0,0,0,0,0,0,0,0,0,0,0,0,0,0,0,0,0,0,0,0,0,0,0,0,0,14,0,0,0,0,0,19,0,0,0,0,17,0,0,0,0,0,0,0,12,0,0,0,0,0,4864831.2908999985,-7457.927200000732,2,209,10,1371715095
6756,0,0,0,0,0,0,0,0,0,0,0,0,0,23,19,0,13,0,0,12,21,26,26,0,0,21,21,14,18,0,0,13,15,19,18,21,22,20,19,13,17,0,0,0,0,0,0,0,0,0,0,0,21,0,0,0,0,0,0,0,0,0,0,0,0,15,12,0,21,0,0,0,17,0,0,0,0,0,0,0,0,0,0,0,19,0,0,14,0,0,4864852.0842999965,-7458.26419999823,2,210,10,1371713824
6757,0,0,0,0,0,0,0,0,0,0,0,0,0,13,14,0,0,0,0,21,24,18,26,0,0,15,0,25,24,0,0,0,0,18,20,17,0,17,18,0,0,0,0,0,0,12,0,0,0,0,0,0,23,0,0,14,0,0,0,0,0,17,0,0,0,18,0,0,20,0,0,0,0,0,0,0,0,0,0,0,0,17,0,0,21,0,13,0,0,0,4864853.930299997,-7457.242100000381,2,212,10,1371713728
6769,0,17,15,0,0,0,24,25,19,21,0,0,0,0,0,17,13,23,25,0,0,0,0,0,0,20,18,36,36,0,0,0,0,0,0,35,35,43,43,0,0,0,0,18,0,18,0,0,0,0,0,17,0,0,0,0,0,0,0,20,0,0,0,0,0,0,0,0,0,19,0,0,0,0,13,19,0,19,0,0,11,15,0,0,0,0,0,0,0,0,4864815.285700001,-7457.755499999971,2,207,10,1371714961
6772,0,0,0,0,0,0,0,0,0,0,0,0,0,0,0,32,30,24,24,0,0,0,0,0,0,35,34,59,59,0,0,0,0,0,0,23,22,38,37,0,0,0,0,0,0,0,15,0,0,20,14,0,0,0,0,0,0,0,0,0,0,0,0,0,0,21,0,0,0,0,0,0,0,0,0,0,0,0,15,0,0,0,0,0,0,0,0,0,0,0,4864828.6049000025,-7453.059500001371,2,214,10,1371714922
6773,0,17,13,0,0,0,13,18,19,21,0,0,0,0,0,20,20,39,38,0,0,0,0,0,0,22,24,47,46,0,0,0,14,0,0,34,35,52,52,0,0,0,17,0,0,0,0,0,0,0,0,13,0,0,0,0,0,0,14,0,0,18,14,18,0,0,0,0,0,0,0,0,0,0,22,0,0,0,0,14,0,0,0,0,0,0,0,0,0,0,4864810.030100003,-7460.767900001259,2,205,10,1371714988
6774,0,17,19,0,0,0,22,21,11,17,0,0,0,0,0,15,14,31,30,0,0,0,0,0,0,18,21,41,42,0,0,14,0,0,0,36,34,54,50,0,0,13,28,18,0,0,0,22,15,0,0,0,0,0,0,15,0,0,26,0,0,0,14,19,19,0,0,0,0,0,0,15,0,0,21,14,18,0,0,22,19,0,0,0,0,0,0,0,0,0,4864815.057400003,-7469.88919999823,2,196,10,1371715017
6775,0,25,15,0,0,0,0,20,22,21,0,0,0,0,0,18,12,22,27,0,0,0,0,0,0,24,26,39,38,0,0,0,0,0,0,31,31,50,50,0,0,14,18,0,0,19,0,13,14,0,0,0,0,0,0,0,0,11,17,19,17,0,0,15,19,0,0,0,0,0,0,0,0,0,18,0,0,15,0,18,15,0,0,0,0,0,0,0,0,0,4864820.413199998,-7466.963700000197,2,200,10,1371715057
6776,0,22,18,0,0,0,20,22,19,0,0,0,0,0,0,14,12,33,30,0,0,0,0,0,0,23,21,37,36,0,0,0,0,0,0,35,35,50,50,0,0,0,24,0,0,15,0,18,0,0,0,0,0,15,0,0,0,0,26,0,0,0,0,0,0,0,0,0,0,17,0,0,0,0,27,0,0,15,0,0,0,0,0,0,0,19,0,0,0,0,4864820.413199998,-7466.963700000197,2,200,10,1371715046
6778,0,0,17,0,0,0,0,0,0,0,0,0,0,0,0,17,20,0,0,0,0,0,0,0,0,25,26,37,37,0,0,19,20,0,0,11,0,27,27,0,0,0,0,0,21,0,0,14,0,0,21,0,0,0,19,0,0,0,0,0,15,0,0,18,0,0,17,0,0,0,15,17,0,0,0,0,18,0,0,0,12,0,19,0,0,0,19,0,0,0,4864834.110160768,-7469.328741654754,2,199,10,1371715130
6779,0,0,0,0,0,0,0,0,0,0,0,0,0,0,0,27,38,12,22,0,0,0,0,0,0,37,38,51,52,0,0,0,0,0,0,21,14,42,42,0,0,0,0,0,0,0,0,0,0,0,0,0,0,0,0,0,0,0,0,0,0,0,0,0,0,0,0,0,0,0,0,19,0,0,0,0,17,0,0,0,0,0,0,0,0,0,0,0,0,0,4864831.2908999985,-7457.927200000732,2,209,10,1371715096
6848,0,0,0,0,0,0,0,0,0,0,0,0,0,23,19,0,0,0,0,22,19,25,21,0,0,22,22,15,14,0,15,14,14,19,18,23,22,18,18,13,17,0,0,0,0,0,0,18,0,15,0,0,21,0,0,0,14,0,0,0,0,0,0,0,0,0,0,0,19,0,0,0,17,0,0,0,0,0,0,0,0,0,0,0,19,0,0,14,0,0,4864852.0842999965,-7458.26419999823,2,210,10,1371713825
6849,0,0,0,0,0,0,0,0,0,0,0,0,0,10,14,0,0,0,0,25,0,27,27,0,0,0,0,23,26,0,0,0,0,24,20,0,12,18,17,0,0,0,0,0,0,12,0,0,0,0,0,0,23,0,0,14,0,0,0,0,0,0,0,0,0,18,0,0,20,0,0,0,0,0,0,0,0,0,0,0,0,17,0,0,21,0,13,0,0,0,4864853.930299997,-7457.242100000381,2,212,10,1371713730
6859,0,0,0,0,0,0,0,0,0,0,0,0,0,0,0,35,35,24,24,0,0,0,0,0,0,42,42,59,59,0,0,0,0,0,0,20,21,38,39,0,0,0,0,0,0,0,15,0,0,0,14,0,0,0,0,0,0,0,0,0,0,0,14,0,0,20,0,0,0,0,0,0,0,0,0,0,0,0,14,0,0,19,0,0,0,0,0,0,0,0,4864828.6049000025,-7453.059500001371,2,214,10,1371714923
6864,0,17,15,0,0,0,23,24,19,18,0,0,0,0,0,17,13,23,25,0,0,0,0,0,0,20,13,32,34,0,0,0,0,0,0,35,35,40,41,0,0,0,0,18,0,18,0,0,0,0,0,17,0,0,0,0,0,0,0,20,0,21,17,0,0,0,0,0,0,19,0,0,0,0,13,15,0,19,21,0,11,15,0,0,0,0,0,0,0,0,4864815.285700001,-7457.755499999971,2,207,10,1371714962
6865,0,0,13,0,0,0,13,20,17,21,0,0,0,0,0,19,15,30,30,0,0,0,0,0,0,25,17,42,40,0,0,0,14,0,0,35,35,45,45,0,0,0,15,0,0,0,0,0,0,0,0,13,0,0,0,0,0,0,14,0,0,19,14,18,0,0,0,0,0,0,0,0,0,0,22,14,0,20,0,14,0,0,0,0,0,0,0,0,0,0,4864810.030100003,-7460.767900001259,2,205,10,1371714989
6866,0,25,14,0,0,0,23,23,22,21,0,0,0,0,0,18,12,27,28,0,0,0,0,0,0,20,20,30,31,0,0,0,0,0,0,33,34,49,49,0,0,14,18,14,0,19,0,13,21,0,13,0,0,0,0,0,0,11,21,19,17,0,0,15,19,0,0,0,0,15,0,0,0,0,18,0,0,10,0,18,15,0,0,0,0,17,0,0,0,0,4864820.413199998,-7466.963700000197,2,200,10,1371715058
6867,0,21,20,0,0,0,19,23,17,17,0,0,0,0,0,18,17,28,29,0,0,0,0,0,0,15,19,43,43,0,0,14,0,0,0,25,28,55,56,0,0,18,26,18,0,0,0,20,18,0,0,0,0,0,17,15,0,0,27,0,0,0,14,20,19,0,0,0,0,0,0,15,0,0,26,14,18,0,0,22,19,0,0,0,0,0,0,0,0,0,4864815.057400003,-7469.88919999823,2,196,10,1371715019
6869,0,0,0,0,0,0,0,0,0,0,0,0,0,0,0,29,29,12,19,0,0,0,0,0,0,36,34,53,52,0,0,0,0,0,0,21,14,35,39,0,0,0,0,0,0,0,0,0,0,0,0,0,0,0,0,0,0,0,0,0,0,0,0,0,0,0,0,0,0,0,0,17,0,0,0,0,17,0,0,0,0,0,0,0,0,0,0,0,0,0,4864831.2908999985,-7457.927200000732,2,209,10,1371715098
6871,0,17,15,0,0,0,0,0,0,0,0,0,0,0,0,20,20,0,0,0,0,0,0,0,0,26,24,36,37,0,0,19,19,0,0,0,12,27,27,0,0,0,0,0,21,0,0,0,0,0,14,0,0,0,19,19,0,0,0,0,15,0,0,0,0,0,21,0,0,0,15,17,0,0,0,0,18,0,0,0,14,0,19,0,0,0,19,0,0,0,4864834.110160768,-7469.328741654754,2,199,10,1371715131
6939,0,0,0,0,0,0,0,0,0,0,0,0,0,23,19,0,0,0,0,21,20,25,21,0,0,20,22,15,14,0,15,14,14,19,14,22,21,17,18,13,13,0,0,0,0,0,0,18,0,15,0,0,21,0,0,0,14,0,0,0,12,0,0,0,0,11,0,0,19,0,0,0,17,0,0,0,13,0,0,0,0,0,15,0,18,0,0,14,0,0,4864852.0842999965,-7458.26419999823,2,210,10,1371713827
6940,0,0,0,0,0,0,0,0,0,0,0,0,0,10,14,0,0,0,0,25,22,25,27,0,0,0,0,24,26,0,0,0,0,24,17,0,15,18,17,0,0,0,0,0,0,0,0,0,0,17,0,0,23,0,0,14,0,0,0,0,0,0,0,0,0,18,0,0,22,0,0,0,0,0,0,0,0,0,0,0,0,17,0,0,21,0,13,0,0,0,4864853.930299997,-7457.242100000381,2,212,10,1371713731
6951,0,17,15,0,0,0,19,23,19,18,0,0,0,0,0,17,14,23,23,0,0,0,0,0,0,20,13,30,31,0,0,0,0,0,0,34,34,38,39,0,0,0,0,0,0,18,0,0,0,0,0,17,0,0,0,0,0,0,0,0,0,21,17,0,0,0,0,0,0,19,0,0,0,0,13,15,0,0,21,0,11,15,0,0,0,0,0,0,0,0,4864815.285700001,-7457.755499999971,2,207,10,1371714964
6955,0,0,0,0,0,0,0,0,0,0,0,0,0,0,0,40,38,24,24,0,0,0,0,0,0,44,45,53,55,0,0,0,0,0,0,18,26,43,43,0,0,0,0,0,0,0,18,0,0,14,14,0,0,0,0,0,0,0,0,0,13,0,14,0,0,20,0,0,0,0,0,0,0,0,0,0,0,0,14,0,0,19,0,0,0,0,0,0,0,0,4864828.6049000025,-7453.059500001371,2,214,10,1371714924
6956,0,0,0,0,0,0,0,0,0,0,0,0,0,0,0,33,30,12,18,0,0,0,0,0,0,36,35,49,52,0,0,0,0,0,0,21,14,43,44,0,0,0,0,0,0,0,0,0,0,14,0,0,0,0,0,20,0,0,0,0,15,0,0,0,0,0,0,0,0,0,0,17,0,0,0,0,0,0,0,0,0,0,0,0,0,0,0,0,0,0,4864831.2908999985,-7457.927200000732,2,209,10,1371715099
6957,0,21,20,0,0,0,19,18,17,17,0,0,0,0,0,18,17,28,29,0,0,0,0,0,0,21,22,38,39,0,0,0,0,0,0,30,30,52,52,0,0,18,24,18,19,0,0,20,17,0,0,0,0,0,17,0,0,0,23,0,19,0,14,20,19,0,0,0,0,0,19,0,0,0,22,0,21,0,0,0,19,0,17,0,0,0,0,0,0,0,4864815.057400003,-7469.88919999823,2,196,10,1371715020
6958,0,25,17,0,0,0,23,26,22,20,0,0,0,0,0,13,12,27,21,0,0,0,0,0,0,21,21,33,34,0,0,0,0,0,0,30,30,52,54,0,0,14,22,14,0,19,0,13,21,0,13,0,0,17,0,0,0,0,23,19,17,0,0,15,19,0,0,0,0,18,0,0,0,0,24,0,0,10,0,18,20,0,0,0,0,17,0,0,0,0,4864820.413199998,-7466.963700000197,2,200,10,1371715060
6959,0,0,13,0,0,0,20,20,17,13,0,0,0,0,0,23,22,33,32,0,0,0,0,0,0,19,22,46,46,0,0,0,0,0,0,34,35,52,52,0,0,0,15,0,0,0,0,0,0,0,0,13,0,0,0,0,0,0,0,0,0,19,14,15,0,0,0,0,0,0,0,0,0,0,22,14,0,21,0,14,0,0,0,0,0,0,0,0,0,0,4864810.030100003,-7460.767900001259,2,205,10,1371714991
6962,0,17,15,0,0,0,0,0,0,0,0,0,0,0,0,18,19,0,0,0,0,0,0,0,0,25,24,35,36,0,0,19,20,0,0,15,14,23,24,0,15,0,0,0,21,0,0,0,0,0,22,0,0,0,19,19,0,0,0,0,19,0,0,0,14,0,21,0,0,0,20,17,0,0,0,0,0,0,0,0,14,0,19,0,0,0,19,0,0,0,4864834.110160768,-7469.328741654754,2,199,10,1371715132
7028,0,0,0,0,0,0,0,0,0,0,0,0,0,10,14,0,0,0,0,20,22,23,21,0,0,0,0,25,25,0,0,0,0,17,20,19,15,19,18,0,0,0,0,0,0,0,0,0,0,17,0,0,23,0,0,0,0,0,0,0,0,0,0,0,0,18,0,0,22,0,0,0,0,0,0,0,0,0,0,0,0,18,0,0,21,0,13,0,0,0,4864853.930299997,-7457.242100000381,2,212,10,1371713733
7029,0,0,0,0,0,0,0,0,0,0,0,0,0,17,18,0,0,0,0,21,20,28,26,0,0,24,23,15,14,0,15,14,14,21,19,22,22,20,21,13,13,0,0,0,0,0,0,18,0,15,0,0,21,0,0,0,14,0,0,0,12,0,0,0,0,11,0,0,19,0,0,0,0,0,0,0,13,0,0,0,0,0,15,0,18,0,0,0,0,0,4864852.0842999965,-7458.26419999823,2,210,10,1371713828
7044,0,19,21,0,0,0,19,17,17,17,0,0,0,0,0,18,13,28,29,0,0,0,0,0,0,20,14,40,38,0,0,0,15,0,0,33,31,56,55,0,0,18,21,0,22,0,0,20,17,0,0,0,0,0,21,0,0,0,17,0,18,0,14,18,19,0,0,0,0,0,19,0,0,0,22,0,23,0,0,0,19,0,17,0,0,0,0,0,0,0,4864815.057400003,-7469.88919999823,2,196,10,1371715021
7045,0,0,0,0,0,0,0,0,0,0,0,0,0,0,0,33,35,15,15,0,0,0,0,0,0,40,42,61,60,0,0,0,0,0,0,18,19,43,42,0,0,0,0,0,0,0,18,0,0,21,14,0,0,0,0,0,0,0,0,0,13,0,14,0,0,20,0,0,0,0,0,0,0,0,0,0,0,0,14,0,0,18,0,0,0,0,0,0,0,0,4864828.6049000025,-7453.059500001371,2,214,10,1371714925
7046,0,0,13,0,0,0,20,19,17,13,0,0,0,0,0,23,19,34,33,0,0,0,0,0,0,27,26,47,46,0,0,0,0,0,0,37,37,53,52,0,0,0,15,19,0,0,0,0,0,0,0,13,0,0,0,0,0,0,19,0,0,19,0,15,0,0,0,0,0,0,0,0,0,0,18,20,0,21,0,14,0,0,0,0,0,0,0,0,0,0,4864810.030100003,-7460.767900001259,2,205,10,1371714992
7048,0,0,15,0,0,0,19,22,19,20,0,0,0,0,0,17,14,24,25,0,0,0,0,0,0,20,13,29,28,0,0,0,0,0,0,35,33,41,41,0,0,0,0,0,0,0,0,0,0,0,0,12,0,0,0,0,0,0,0,0,0,21,21,0,0,17,0,0,0,19,0,0,0,0,13,15,0,0,21,0,0,15,0,0,0,0,0,0,0,0,4864815.285700001,-7457.755499999971,2,207,10,1371714965
7049,0,17,15,0,0,0,0,0,0,0,0,0,0,0,0,22,21,0,0,0,0,0,0,0,0,26,26,34,34,0,0,12,18,0,0,18,17,24,24,0,15,0,0,0,0,0,0,0,0,0,22,0,0,0,0,19,15,0,0,0,19,0,0,0,14,0,21,0,0,0,20,17,0,0,0,0,18,0,0,0,13,0,19,0,0,0,15,0,0,0,4864834.110160768,-7469.328741654754,2,199,10,1371715133
7050,0,0,0,0,0,0,0,0,0,0,0,0,0,0,0,34,35,20,20,0,0,0,0,0,0,34,34,53,53,0,0,0,0,0,0,25,25,28,28,0,0,0,0,0,0,0,0,0,0,14,13,0,0,0,17,20,0,0,0,0,15,0,0,0,0,0,0,0,0,0,0,17,0,0,0,0,0,0,0,0,0,17,0,0,0,0,0,0,0,0,4864831.2908999985,-7457.927200000732,2,209,10,1371715100
7052,0,13,15,0,0,0,20,25,20,22,0,0,0,0,0,13,12,27,27,0,0,0,0,0,0,21,21,32,33,0,0,0,0,0,0,31,29,51,50,0,0,14,23,15,0,19,0,0,21,0,13,0,0,17,0,0,0,0,25,19,17,0,0,0,19,0,0,0,0,18,0,0,0,0,24,0,15,15,0,18,20,0,0,0,0,17,0,0,0,0,4864820.413199998,-7466.963700000197,2,200,10,1371715061
